timestamp,y_true,y_hat
2025-08-15 00:57:00+00:00,-0.0011638733705773,9.946998e-05
2025-08-15 00:58:00+00:00,-0.0018613308515588,8.4553816e-05
2025-08-15 00:59:00+00:00,-0.0011638733705773,0.00011088489
2025-08-15 01:00:00+00:00,-0.0002328830926874,0.0001195216
2025-08-15 01:01:00+00:00,0.0018652366519003,9.946998e-05
2025-08-15 01:02:00+00:00,0.0016313213703098,9.946998e-05
2025-08-15 01:03:00+00:00,0.0018648018648017,9.946998e-05
2025-08-15 01:04:00+00:00,0.0016313213703098,9.946998e-05
2025-08-15 01:05:00+00:00,0.0013976240391335,0.00013416723
2025-08-15 01:06:00+00:00,0.0004654410053526,0.00011201654
2025-08-15 01:08:00+00:00,-0.0006979990693345,5.7693855e-05
2025-08-15 01:09:00+00:00,-0.0011633317822242,5.7693855e-05
2025-08-15 01:10:00+00:00,-0.0027913468248429,5.7693855e-05
2025-08-15 01:11:00+00:00,-0.0025587345894394,5.7693855e-05
2025-08-15 01:12:00+00:00,-0.0013959981386691,5.7693855e-05
2025-08-15 01:13:00+00:00,0.0016298020954599,7.261002e-05
2025-08-15 01:14:00+00:00,0.0018634987188446,7.261002e-05
2025-08-15 01:15:00+00:00,0.0025658968975974,0.00013416723
2025-08-15 01:16:00+00:00,0.0023320895522387,0.00013416723
2025-08-15 01:17:00+00:00,0.0020969245107176,0.00013416723
2025-08-15 01:18:00+00:00,0.0002324500232449,2.2996617e-05
2025-08-15 01:19:00+00:00,0.0006975122064636,2.2996617e-05
2025-08-15 01:20:00+00:00,0.001628664495114,3.4901044e-05
2025-08-15 01:21:00+00:00,0.0018613308515589,3.4901044e-05
2025-08-15 01:22:00+00:00,0.0009300162752847,2.2996617e-05
2025-08-15 01:23:00+00:00,0.0002323960027887,2.2996617e-05
2025-08-15 01:24:00+00:00,0.000232342007435,2.2996617e-05
2025-08-15 01:25:00+00:00,0.0009291521486642,-1.3420966e-05
2025-08-15 01:26:00+00:00,-0.0004644681839294,-1.3420966e-05
2025-08-15 01:27:00+00:00,-0.0004645760743321,1.2496086e-05
2025-08-15 01:29:00+00:00,-0.0002322880371661,2.2996617e-05
2025-08-15 01:30:00+00:00,-0.0013924344395451,2.2996617e-05
2025-08-15 01:31:00+00:00,-0.0002323420074349,3.791279e-05
2025-08-15 01:32:00+00:00,0.0016267720195213,3.791279e-05
2025-08-15 01:33:00+00:00,0.0018587360594795,2.2996617e-05
2025-08-15 01:34:00+00:00,0.0018587360594795,3.791279e-05
2025-08-15 01:35:00+00:00,0.0018591680223101,5.5813372e-05
2025-08-15 01:36:00+00:00,0.0016267720195213,9.2235474e-05
2025-08-15 01:37:00+00:00,-0.0002320185614849,2.2996617e-05
2025-08-15 01:38:00+00:00,-0.0004638218923933,5.7693855e-05
2025-08-15 01:39:00+00:00,-0.0002319109461966,5.7693855e-05
2025-08-15 01:40:00+00:00,-0.0004639294827186,5.7693855e-05
2025-08-15 01:41:00+00:00,0.000232018561485,5.7693855e-05
2025-08-15 01:42:00+00:00,0.0011603620329543,7.261002e-05
2025-08-15 01:43:00+00:00,0.0013921113689094,7.261002e-05
2025-08-15 01:44:00+00:00,0.0018557179308744,7.261002e-05
2025-08-15 01:45:00+00:00,0.0020886516593177,7.261002e-05
2025-08-15 01:46:00+00:00,0.0018557179308744,5.7693855e-05
2025-08-15 01:47:00+00:00,0.0016226240148353,5.7693855e-05
2025-08-15 01:48:00+00:00,0.0013901760889711,5.7693855e-05
2025-08-15 01:49:00+00:00,0.0002315350775643,9.66837e-05
2025-08-15 01:50:00+00:00,0.0006947660954146,9.66837e-05
2025-08-15 01:51:00+00:00,0.0002315350775643,9.66837e-05
2025-08-15 01:53:00+00:00,-0.0002313743637204,8.618317e-05
2025-08-15 01:54:00+00:00,-0.0002314814814814,9.66837e-05
2025-08-15 01:55:00+00:00,-0.0006942837306178,8.618317e-05
2025-08-15 01:56:00+00:00,-0.0013888888888888,9.66837e-05
2025-08-15 01:57:00+00:00,-0.0020828511918536,9.66837e-05
2025-08-15 01:58:00+00:00,-0.0023142791020597,0.000111599875
2025-08-15 01:59:00+00:00,-0.001852280620514,0.000111599875
2025-08-15 02:00:00+00:00,-0.0018527095877721,0.000111599875
2025-08-15 02:01:00+00:00,-0.0004636068613815,6.16261e-05
2025-08-15 02:02:00+00:00,0.0009276437847867,6.16261e-05
2025-08-15 02:03:00+00:00,0.0023196474135931,6.16261e-05
2025-08-15 02:04:00+00:00,0.0030155416376711,6.16261e-05
2025-08-15 02:05:00+00:00,0.0023201856148491,6.16261e-05
2025-08-15 02:06:00+00:00,0.0018552875695732,6.16261e-05
2025-08-15 02:07:00+00:00,0.000463392029657,4.670993e-05
2025-08-15 02:08:00+00:00,-0.0002314279102059,5.7693855e-05
2025-08-15 02:09:00+00:00,-0.0013876040703052,5.7693855e-05
2025-08-15 02:10:00+00:00,-0.0004629629629629,5.7693855e-05
2025-08-15 02:11:00+00:00,-0.0004629629629629,5.7693855e-05
2025-08-15 02:12:00+00:00,-0.0002315886984715,5.7693855e-05
2025-08-15 02:13:00+00:00,-0.0011574074074074,7.261002e-05
2025-08-15 02:14:00+00:00,-0.0006947660954145,7.261002e-05
2025-08-15 02:15:00+00:00,-0.0011579434923575,7.261002e-05
2025-08-15 02:16:00+00:00,-0.000463177396943,7.261002e-05
2025-08-15 02:17:00+00:00,0.0,7.261002e-05
2025-08-15 02:18:00+00:00,0.0006952491309386,6.16261e-05
2025-08-15 02:19:00+00:00,0.0009269988412514,6.16261e-05
2025-08-15 02:20:00+00:00,0.0020867145838163,6.16261e-05
2025-08-15 02:21:00+00:00,0.0016218721037997,6.16261e-05
2025-08-15 02:22:00+00:00,0.0011582117211026,6.9598274e-05
2025-08-15 02:23:00+00:00,0.000926354793886,7.559442e-05
2025-08-15 02:24:00+00:00,0.0004630701551284,5.7693855e-05
2025-08-15 02:25:00+00:00,0.0002313743637205,5.7693855e-05
2025-08-15 02:26:00+00:00,-0.0002313208420078,5.7693855e-05
2025-08-15 02:27:00+00:00,0.0002313743637205,5.7693855e-05
2025-08-15 02:28:00+00:00,0.0004627487274408,5.7693855e-05
2025-08-15 02:29:00+00:00,0.0009257116408238,5.7693855e-05
2025-08-15 02:30:00+00:00,0.0002313208420079,5.7693855e-05
2025-08-15 02:31:00+00:00,0.0004627487274408,7.261002e-05
2025-08-15 02:32:00+00:00,0.0002313208420079,5.7693855e-05
2025-08-15 02:33:00+00:00,0.0002312673450508,5.7693855e-05
2025-08-15 02:35:00+00:00,0.0004625346901017,5.7693855e-05
2025-08-15 02:36:00+00:00,-0.0002312673450508,5.7693855e-05
2025-08-15 02:38:00+00:00,-0.0002312138728324,5.7693855e-05
2025-08-15 02:39:00+00:00,-0.0002312138728324,5.7693855e-05
2025-08-15 02:40:00+00:00,-0.0004623208506703,5.7693855e-05
2025-08-15 02:41:00+00:00,0.0002313208420079,7.261002e-05
2025-08-15 02:42:00+00:00,0.0,5.7693855e-05
2025-08-15 02:43:00+00:00,0.0009250693802034,7.261002e-05
2025-08-15 02:44:00+00:00,0.0009250693802034,8.4514446e-05
2025-08-15 02:45:00+00:00,0.0006938020351525,7.261002e-05
2025-08-15 02:46:00+00:00,0.0004625346901017,5.7693855e-05
2025-08-15 02:47:00+00:00,0.0002312673450508,5.7693855e-05
2025-08-15 02:48:00+00:00,-0.0006931608133087,5.7693855e-05
2025-08-15 02:49:00+00:00,-0.0013863216266173,5.7693855e-05
2025-08-15 02:50:00+00:00,-0.001386642015253,5.7693855e-05
2025-08-15 02:51:00+00:00,-0.001386962552011,5.7693855e-05
2025-08-15 02:52:00+00:00,-0.0004624277456647,5.7693855e-05
2025-08-15 02:53:00+00:00,-0.0006936416184971,7.261002e-05
2025-08-15 02:54:00+00:00,0.0002313743637205,9.051059e-05
2025-08-15 02:55:00+00:00,-0.0004628558204119,5.439159e-05
2025-08-15 02:56:00+00:00,-0.0011574074074074,6.16261e-05
2025-08-15 02:57:00+00:00,-0.0002313208420078,8.4514446e-05
2025-08-15 02:58:00+00:00,-0.0002313743637204,6.16261e-05
2025-08-15 02:59:00+00:00,-0.0009252833680314,4.670993e-05
2025-08-15 03:00:00+00:00,0.0002315350775643,6.16261e-05
2025-08-15 03:01:00+00:00,0.0011587485515642,8.732088e-05
2025-08-15 03:02:00+00:00,0.0002313743637205,5.439159e-05
2025-08-15 03:03:00+00:00,0.0009257116408238,6.16261e-05
2025-08-15 03:04:00+00:00,0.0020838156980782,5.439159e-05
2025-08-15 03:05:00+00:00,0.0018518518518517,6.9598274e-05
2025-08-15 03:06:00+00:00,0.0018518518518517,5.7693855e-05
2025-08-15 03:07:00+00:00,0.0016192458940551,5.7693855e-05
2025-08-15 03:08:00+00:00,0.000693641618497,5.7693855e-05
2025-08-15 03:10:00+00:00,0.0004621072088724,5.7693855e-05
2025-08-15 03:11:00+00:00,0.0006931608133087,4.7193324e-05
2025-08-15 03:12:00+00:00,0.0004618937644342,5.7693855e-05
2025-08-15 03:13:00+00:00,0.0011552680221811,5.7693855e-05
2025-08-15 03:14:00+00:00,0.0004621072088724,5.7693855e-05
2025-08-15 03:15:00+00:00,-0.0004618937644341,5.7693855e-05
2025-08-15 03:16:00+00:00,-0.0002308935580697,5.7693855e-05
2025-08-15 03:17:00+00:00,-0.0004616805170821,5.7693855e-05
2025-08-15 03:18:00+00:00,-0.0006923609508423,5.7693855e-05
2025-08-15 03:20:00+00:00,0.0011552680221811,7.261002e-05
2025-08-15 03:21:00+00:00,0.0011547344110853,7.261002e-05
2025-08-15 03:22:00+00:00,0.0013856812933026,7.261002e-05
2025-08-15 03:23:00+00:00,0.0016166281755196,7.261002e-05
2025-08-15 03:24:00+00:00,0.0018475750577366,5.7693855e-05
2025-08-15 03:25:00+00:00,0.0009231479344564,5.7693855e-05
2025-08-15 03:26:00+00:00,0.0002306805074971,5.7693855e-05
2025-08-15 03:27:00+00:00,-0.000461254612546,5.7693855e-05
2025-08-15 03:28:00+00:00,-0.0006917223887479,5.7693855e-05
2025-08-15 03:29:00+00:00,-0.0006915629322268,5.7693855e-05
2025-08-15 03:30:00+00:00,0.0,5.7693855e-05
2025-08-15 03:31:00+00:00,0.000691881918819,5.7693855e-05
2025-08-15 03:32:00+00:00,0.0013844023996307,7.261002e-05
2025-08-15 03:33:00+00:00,0.0016151361329026,7.261002e-05
2025-08-15 03:34:00+00:00,0.002076124567474,7.261002e-05
2025-08-15 03:35:00+00:00,0.0004611482591652,5.7693855e-05
2025-08-15 03:36:00+00:00,0.0,5.7693855e-05
2025-08-15 03:37:00+00:00,0.0002304147465437,5.7693855e-05
2025-08-15 03:38:00+00:00,-0.0002303616678184,5.7693855e-05
2025-08-15 03:39:00+00:00,-0.0011510128913443,0.00014675828
2025-08-15 03:41:00+00:00,-0.000230467849735,5.7693855e-05
2025-08-15 03:42:00+00:00,-0.0006910850034553,5.7693855e-05
2025-08-15 03:43:00+00:00,-0.0006912442396312,7.261002e-05
2025-08-15 03:44:00+00:00,-0.0006914035492049,7.261002e-05
2025-08-15 03:45:00+00:00,-0.0006914035492049,5.7693855e-05
2025-08-15 03:46:00+00:00,-0.0006915629322268,8.4514446e-05
2025-08-15 03:47:00+00:00,-0.0011526048870447,9.051059e-05
2025-08-15 03:48:00+00:00,-0.0011528706479132,6.16261e-05
2025-08-15 03:49:00+00:00,-0.000461254612546,6.16261e-05
2025-08-15 03:50:00+00:00,0.0002306273062731,5.439159e-05
2025-08-15 03:51:00+00:00,0.0002306805074971,6.16261e-05
2025-08-15 03:52:00+00:00,0.0011539349180706,6.16261e-05
2025-08-15 03:53:00+00:00,0.0016158818097875,6.16261e-05
2025-08-15 03:54:00+00:00,0.0013844023996307,6.16261e-05
2025-08-15 03:55:00+00:00,0.0002305741295827,7.559442e-05
2025-08-15 03:56:00+00:00,-0.0002306273062731,7.559442e-05
2025-08-15 03:57:00+00:00,-0.0006915629322268,5.7693855e-05
2025-08-15 03:58:00+00:00,-0.000230467849735,5.7693855e-05
2025-08-15 03:59:00+00:00,-0.0009216589861751,5.7693855e-05
2025-08-15 04:00:00+00:00,-0.0018441678192715,5.7693855e-05
2025-08-15 04:01:00+00:00,-0.0011534025374856,7.261002e-05
2025-08-15 04:02:00+00:00,-0.0004613610149942,7.261002e-05
2025-08-15 04:03:00+00:00,-0.0002305209774089,7.261002e-05
2025-08-15 04:04:00+00:00,0.0004612546125462,7.261002e-05
2025-08-15 04:05:00+00:00,0.0039260969976904,6.16261e-05
2025-08-15 04:06:00+00:00,0.0041570438799076,6.16261e-05
2025-08-15 04:07:00+00:00,0.0034618047542118,6.16261e-05
2025-08-15 04:08:00+00:00,0.0025363154254092,9.051059e-05
2025-08-15 04:09:00+00:00,0.0018441678192715,7.559442e-05
2025-08-15 04:10:00+00:00,-0.0009201748332182,2.2996617e-05
2025-08-15 04:11:00+00:00,-0.0013799448022079,1.2496086e-05
2025-08-15 04:12:00+00:00,-0.0013799448022079,1.2496086e-05
2025-08-15 04:13:00+00:00,-0.0009199632014719,2.2996617e-05
2025-08-15 04:14:00+00:00,-0.000230096640589,2.2996617e-05
2025-08-15 04:15:00+00:00,0.0009210223347915,1.4952052e-06
2025-08-15 04:16:00+00:00,0.0011515430677107,2.7412256e-05
2025-08-15 04:17:00+00:00,0.0011515430677107,3.791279e-05
2025-08-15 04:18:00+00:00,0.0002302025782687,3.791279e-05
2025-08-15 04:19:00+00:00,0.0004602991944764,3.791279e-05
2025-08-15 04:20:00+00:00,0.0002300437083044,2.2996617e-05
2025-08-15 04:21:00+00:00,0.0004600874166091,3.4901044e-05
2025-08-15 04:22:00+00:00,0.0006901311249136,3.4901044e-05
2025-08-15 04:23:00+00:00,0.0009205983889528,4.778171e-06
2025-08-15 04:24:00+00:00,0.0011502185415228,2.2996617e-05
2025-08-15 04:25:00+00:00,-0.0006899724011039,5.7693855e-05
2025-08-15 04:26:00+00:00,-0.0013796275005748,5.7693855e-05
2025-08-15 04:27:00+00:00,-0.0016091954022988,5.7693855e-05
2025-08-15 04:28:00+00:00,-0.0006898137502874,5.7693855e-05
2025-08-15 04:29:00+00:00,-0.0004595588235294,5.7693855e-05
2025-08-15 04:30:00+00:00,0.0009205983889528,9.051059e-05
2025-08-15 04:31:00+00:00,0.0013815335021873,0.00013641332
2025-08-15 04:32:00+00:00,0.0004605111673958,6.16261e-05
2025-08-15 04:33:00+00:00,0.0009203865623561,7.261002e-05
2025-08-15 04:34:00+00:00,-0.0004597701149425,7.261002e-05
2025-08-15 04:35:00+00:00,0.0,5.7693855e-05
2025-08-15 04:36:00+00:00,-0.0009197516670499,5.7693855e-05
2025-08-15 04:37:00+00:00,0.0009205983889528,0.00012149714
2025-08-15 04:38:00+00:00,-0.0006896551724138,4.304824e-05
2025-08-15 04:39:00+00:00,-0.0006899724011039,0.00012176769
2025-08-15 04:40:00+00:00,-0.0020694412508622,4.304824e-05
2025-08-15 04:41:00+00:00,-0.0004602991944764,4.9327697e-05
2025-08-15 04:42:00+00:00,-0.0018395033340997,2.2996617e-05
2025-08-15 04:43:00+00:00,-0.0020703933747412,3.791279e-05
2025-08-15 04:44:00+00:00,-0.0020713463751438,0.00010171607
2025-08-15 04:45:00+00:00,-0.0011520737327188,0.00010171607
2025-08-15 04:46:00+00:00,-0.002072300253281,0.00010171607
2025-08-15 04:47:00+00:00,-0.0018428933425478,0.00010171607
2025-08-15 04:48:00+00:00,-0.0013831258644536,0.00010171607
2025-08-15 04:49:00+00:00,-0.0006918819188191,2.6928852e-05
2025-08-15 04:50:00+00:00,0.0002306805074971,3.8343762e-05
2025-08-15 04:51:00+00:00,0.0006922011998153,3.8343762e-05
2025-08-15 04:52:00+00:00,0.0009231479344564,3.8343762e-05
2025-08-15 04:53:00+00:00,0.0006925207756232,7.267526e-05
2025-08-15 04:54:00+00:00,-0.0002307869836141,6.16261e-05
2025-08-15 04:55:00+00:00,-0.0011531365313652,3.2064305e-05
2025-08-15 04:56:00+00:00,-0.0013834447774959,3.2064305e-05
2025-08-15 04:57:00+00:00,-0.0009222965183306,4.670993e-05
2025-08-15 04:58:00+00:00,-0.0004613610149942,3.9475413e-05
2025-08-15 04:59:00+00:00,0.0009233610341643,6.16261e-05
2025-08-15 05:00:00+00:00,0.0009235742322788,6.16261e-05
2025-08-15 05:01:00+00:00,0.0,5.439159e-05
2025-08-15 05:02:00+00:00,-0.0004615739672282,7.261002e-05
2025-08-15 05:03:00+00:00,-0.0009231479344564,7.261002e-05
2025-08-15 05:04:00+00:00,-0.0013837638376383,5.7693855e-05
2025-08-15 05:05:00+00:00,-0.0016147635524798,6.9598274e-05
2025-08-15 05:06:00+00:00,-0.0013853613484183,4.670993e-05
2025-08-15 05:07:00+00:00,-0.0018471484645578,6.16261e-05
2025-08-15 05:08:00+00:00,-0.0013860013860014,6.16261e-05
2025-08-15 05:09:00+00:00,-0.0023094688221708,9.051059e-05
2025-08-15 05:10:00+00:00,-0.0009242144177449,5.439159e-05
2025-08-15 05:11:00+00:00,0.0002312138728324,8.732088e-05
2025-08-15 05:12:00+00:00,0.0013879250520472,8.732088e-05
2025-08-15 05:13:00+00:00,0.0016192458940551,8.732088e-05
2025-08-15 05:14:00+00:00,0.0020833333333334,8.732088e-05
2025-08-15 05:15:00+00:00,0.0002312673450508,6.16261e-05
2025-08-15 05:16:00+00:00,-0.0006934812760055,4.670993e-05
2025-08-15 05:17:00+00:00,-0.0011550011550011,7.559442e-05
2025-08-15 05:18:00+00:00,-0.0018475750577366,5.7693855e-05
2025-08-15 05:19:00+00:00,-0.0018480018480018,6.9598274e-05
2025-08-15 05:20:00+00:00,-0.0002312138728324,3.9475413e-05
2025-08-15 05:21:00+00:00,-0.0002313208420078,9.051059e-05
2025-08-15 05:22:00+00:00,-0.0011563367252543,7.261002e-05
2025-08-15 05:23:00+00:00,-0.000462748727441,8.4514446e-05
2025-08-15 05:24:00+00:00,-0.0004628558204119,4.6692974e-05
2025-08-15 05:25:00+00:00,-0.0013876040703052,3.4464556e-05
2025-08-15 05:26:00+00:00,-0.001388246182323,3.5233807e-05
2025-08-15 05:27:00+00:00,0.0002315350775643,4.746222e-05
2025-08-15 05:28:00+00:00,0.0004629629629628,4.746222e-05
2025-08-15 05:29:00+00:00,0.0002315350775643,6.16261e-05
2025-08-15 05:30:00+00:00,-0.0002315886984715,6.16261e-05
2025-08-15 05:31:00+00:00,0.0009267840593141,8.732088e-05
2025-08-15 05:33:00+00:00,-0.000462748727441,5.7693855e-05
2025-08-15 05:34:00+00:00,-0.0004629629629629,6.9598274e-05
2025-08-15 05:35:00+00:00,0.0002316423442205,6.16261e-05
2025-08-15 05:36:00+00:00,-0.0011574074074074,7.559442e-05
2025-08-15 05:37:00+00:00,-0.0011574074074074,5.7693855e-05
2025-08-15 05:38:00+00:00,-0.0009259259259258,7.261002e-05
2025-08-15 05:39:00+00:00,-0.000463177396943,8.4514446e-05
2025-08-15 05:40:00+00:00,0.0002315886984716,5.7693855e-05
2025-08-15 05:41:00+00:00,0.001390498261877,8.4514446e-05
2025-08-15 05:42:00+00:00,0.0016222479721901,6.16261e-05
2025-08-15 05:43:00+00:00,0.0016218721037997,6.16261e-05
2025-08-15 05:44:00+00:00,0.0016218721037997,6.16261e-05
2025-08-15 05:45:00+00:00,0.0006946052326928,5.7693855e-05
2025-08-15 05:46:00+00:00,0.0009257116408238,5.7693855e-05
2025-08-15 05:47:00+00:00,0.0011568718186025,5.7693855e-05
2025-08-15 05:48:00+00:00,0.0011566042100392,5.7693855e-05
2025-08-15 05:49:00+00:00,0.0018505667360628,5.7693855e-05
2025-08-15 05:50:00+00:00,0.0016196205460434,5.7693855e-05
2025-08-15 05:51:00+00:00,0.0023121387283238,5.7693855e-05
2025-08-15 05:52:00+00:00,0.0025421770279638,4.7193324e-05
2025-08-15 05:53:00+00:00,0.0034658040665433,4.7193324e-05
2025-08-15 05:54:00+00:00,0.002539829138767,4.7193324e-05
2025-08-15 05:55:00+00:00,0.0043890043890044,5.7693855e-05
2025-08-15 05:56:00+00:00,0.0032295271049596,4.7193324e-05
2025-08-15 05:57:00+00:00,0.0027662517289073,4.7193324e-05
2025-08-15 05:58:00+00:00,0.0016117890858853,0.00017524761
2025-08-15 05:59:00+00:00,0.0016121602947949,0.00017524761
2025-08-15 06:00:00+00:00,0.000689972401104,-0.00018777813
2025-08-15 06:01:00+00:00,-0.0006898137502874,-0.00018777813
2025-08-15 06:02:00+00:00,-0.0022988505747126,-0.00018777813
2025-08-15 06:03:00+00:00,-0.0013793103448276,-0.00018777813
2025-08-15 06:04:00+00:00,-0.0020694412508622,-0.00018777813
2025-08-15 06:05:00+00:00,-0.0025281544472535,-0.00018777813
2025-08-15 06:06:00+00:00,-0.0018407731247124,-0.00012692674
2025-08-15 06:07:00+00:00,-0.0004608294930875,-0.0002043677
2025-08-15 06:08:00+00:00,-0.0020718232044198,-0.00029184652
2025-08-15 06:09:00+00:00,-0.0006912442396312,-9.789843e-05
2025-08-15 06:10:00+00:00,-0.0006912442396312,-4.9844115e-05
2025-08-15 06:11:00+00:00,-0.0006915629322268,-1.1816535e-05
2025-08-15 06:12:00+00:00,0.0018441678192715,-3.1830452e-05
2025-08-15 06:13:00+00:00,0.0023068050749712,-6.744755e-06
2025-08-15 06:14:00+00:00,0.0016140189070785,-6.744755e-06
2025-08-15 06:15:00+00:00,0.002075167166244,-6.744755e-06
2025-08-15 06:16:00+00:00,0.0029988465974624,5.3656595e-07
2025-08-15 06:17:00+00:00,0.0006902899217671,-0.00010414136
2025-08-15 06:18:00+00:00,0.0004602991944764,-0.00010414136
2025-08-15 06:20:00+00:00,-0.000460193281178,-0.00010414136
2025-08-15 06:21:00+00:00,-0.0009199632014719,-1.51488475e-05
2025-08-15 06:22:00+00:00,-0.0016095654173373,2.2996617e-05
2025-08-15 06:23:00+00:00,-0.0009201748332182,1.2496086e-05
2025-08-15 06:24:00+00:00,-0.0002302025782688,2.2996617e-05
2025-08-15 06:25:00+00:00,0.0004604051565377,3.791279e-05
2025-08-15 06:26:00+00:00,0.0002302025782687,3.791279e-05
2025-08-15 06:27:00+00:00,0.0006909258406264,2.6928852e-05
2025-08-15 06:28:00+00:00,0.0009210223347915,5.5813372e-05
2025-08-15 06:31:00+00:00,0.0002301495972381,4.778171e-06
2025-08-15 06:32:00+00:00,0.0002301495972381,1.2012681e-05
2025-08-15 06:33:00+00:00,-0.0002300437083045,2.2996617e-05
2025-08-15 06:34:00+00:00,0.0009210223347915,3.4901044e-05
2025-08-15 06:35:00+00:00,-0.0006902899217671,2.2996617e-05
2025-08-15 06:36:00+00:00,0.000460193281178,2.2996617e-05
2025-08-15 06:37:00+00:00,0.000460193281178,5.7693855e-05
2025-08-15 06:38:00+00:00,0.000230096640589,7.261002e-05
2025-08-15 06:39:00+00:00,0.0004600874166091,5.7693855e-05
2025-08-15 06:40:00+00:00,-0.0002302555836979,5.439159e-05
2025-08-15 06:41:00+00:00,-0.0018399264029438,5.7693855e-05
2025-08-15 06:42:00+00:00,-0.0011499540018399,5.7693855e-05
2025-08-15 06:43:00+00:00,-0.0011502185415228,5.7693855e-05
2025-08-15 06:44:00+00:00,-0.0020694412508622,5.7693855e-05
2025-08-15 06:45:00+00:00,-0.0011515430677107,0.00013641332
2025-08-15 06:46:00+00:00,-0.0009216589861751,4.698048e-05
2025-08-15 06:47:00+00:00,-0.0013815335021873,3.9745963e-05
2025-08-15 06:48:00+00:00,-0.0013818516812529,4.698048e-05
2025-08-15 06:49:00+00:00,-0.0011520737327188,4.698048e-05
2025-08-15 06:50:00+00:00,-0.0002305741295826,4.698048e-05
2025-08-15 06:52:00+00:00,-0.0011528706479132,4.698048e-05
2025-08-15 06:53:00+00:00,-0.0009225092250922,4.698048e-05
2025-08-15 06:54:00+00:00,-0.0006920415224913,6.16261e-05
2025-08-15 06:55:00+00:00,-0.0023062730627306,6.16261e-05
2025-08-15 06:56:00+00:00,-0.0020756457564575,4.670993e-05
2025-08-15 06:57:00+00:00,-0.0006925207756233,6.16261e-05
2025-08-15 06:58:00+00:00,-0.0006925207756233,6.16261e-05
2025-08-15 06:59:00+00:00,-0.0016158818097876,6.16261e-05
2025-08-15 07:00:00+00:00,0.0002311604253351,7.267526e-05
2025-08-15 07:01:00+00:00,0.0,8.732088e-05
2025-08-15 07:02:00+00:00,0.0006930006930006,6.16261e-05
2025-08-15 07:03:00+00:00,0.0011550011550012,6.16261e-05
2025-08-15 07:04:00+00:00,0.0011560693641619,8.732088e-05
2025-08-15 07:05:00+00:00,0.0004622140050842,4.670993e-05
2025-08-15 07:06:00+00:00,-0.0002311070025421,4.670993e-05
2025-08-15 07:07:00+00:00,-0.0016158818097876,5.7693855e-05
2025-08-15 07:08:00+00:00,-0.0025380710659898,5.7693855e-05
2025-08-15 07:09:00+00:00,-0.0020785219399538,7.559442e-05
2025-08-15 07:10:00+00:00,-0.002079002079002,5.7693855e-05
2025-08-15 07:11:00+00:00,-0.0018492834026814,8.4514446e-05
2025-08-15 07:12:00+00:00,-0.0013872832369942,6.16261e-05
2025-08-15 07:13:00+00:00,-0.0004626416840157,6.16261e-05
2025-08-15 07:14:00+00:00,0.000231427910206,8.732088e-05
2025-08-15 07:15:00+00:00,0.0004629629629628,8.732088e-05
2025-08-15 07:16:00+00:00,0.000463177396943,8.732088e-05
2025-08-15 07:17:00+00:00,0.0002315350775643,8.732088e-05
2025-08-15 07:18:00+00:00,-0.0002314279102059,6.16261e-05
2025-08-15 07:19:00+00:00,-0.000462748727441,4.670993e-05
2025-08-15 07:20:00+00:00,-0.000462748727441,4.670993e-05
2025-08-15 07:21:00+00:00,-0.0002314814814814,4.670993e-05
2025-08-15 07:22:00+00:00,-0.0002314814814814,4.670993e-05
2025-08-15 07:23:00+00:00,0.0006944444444445,5.439159e-05
2025-08-15 07:24:00+00:00,0.0009259259259259,8.4514446e-05
2025-08-15 07:25:00+00:00,0.0011574074074074,7.261002e-05
2025-08-15 07:26:00+00:00,0.0009261403102569,7.261002e-05
2025-08-15 07:27:00+00:00,0.0002315350775643,7.261002e-05
2025-08-15 07:28:00+00:00,-0.0004626416840157,5.7693855e-05
2025-08-15 07:29:00+00:00,-0.0009250693802035,5.7693855e-05
2025-08-15 07:30:00+00:00,-0.0009248554913294,5.7693855e-05
2025-08-15 07:31:00+00:00,-0.0004626416840157,5.7693855e-05
2025-08-15 07:33:00+00:00,-0.0002314279102059,7.261002e-05
2025-08-15 07:34:00+00:00,-0.0011574074074074,7.261002e-05
2025-08-15 07:35:00+00:00,-0.0004628558204119,7.261002e-05
2025-08-15 07:36:00+00:00,-0.0004628558204119,7.261002e-05
2025-08-15 07:37:00+00:00,-0.0006944444444444,5.7693855e-05
2025-08-15 07:38:00+00:00,0.0,5.439159e-05
2025-08-15 07:39:00+00:00,0.0006952491309386,8.732088e-05
2025-08-15 07:42:00+00:00,0.0004632846884411,5.439159e-05
2025-08-15 07:43:00+00:00,-0.0004629629629629,6.9598274e-05
2025-08-15 07:44:00+00:00,-0.0002315886984715,7.559442e-05
2025-08-15 07:45:00+00:00,-0.0004630701551284,7.559442e-05
2025-08-15 07:46:00+00:00,-0.0009261403102569,7.559442e-05
2025-08-15 07:47:00+00:00,-0.0004630701551284,6.9598274e-05
2025-08-15 07:48:00+00:00,0.0002315886984716,9.051059e-05
2025-08-15 07:49:00+00:00,0.000926569376882,7.261002e-05
2025-08-15 07:50:00+00:00,0.0018531387537641,9.051059e-05
2025-08-15 07:51:00+00:00,0.0030127462340672,6.16261e-05
2025-08-15 07:52:00+00:00,0.0025480657864258,7.261002e-05
2025-08-15 07:53:00+00:00,0.0020838156980782,6.9598274e-05
2025-08-15 07:54:00+00:00,0.0016199953714417,5.7693855e-05
2025-08-15 07:55:00+00:00,0.0009248554913294,5.7693855e-05
2025-08-15 07:56:00+00:00,0.0016173752310535,5.7693855e-05
2025-08-15 07:57:00+00:00,0.0013863216266174,5.7693855e-05
2025-08-15 07:58:00+00:00,0.0004621072088724,5.7693855e-05
2025-08-15 07:59:00+00:00,0.0004621072088724,5.7693855e-05
2025-08-15 08:00:00+00:00,0.0002310002310002,4.7193324e-05
2025-08-15 08:01:00+00:00,-0.0016147635524798,0.00013625775
2025-08-15 08:02:00+00:00,-0.0013844023996307,4.7193324e-05
2025-08-15 08:03:00+00:00,-0.0006928406466513,5.7693855e-05
2025-08-15 08:05:00+00:00,0.0004618937644342,5.7693855e-05
2025-08-15 08:06:00+00:00,0.0002310536044363,7.261002e-05
2025-08-15 08:07:00+00:00,0.0002310536044363,7.261002e-05
2025-08-15 08:08:00+00:00,0.0006933210076265,8.4514446e-05
2025-08-15 08:09:00+00:00,-0.0002309468822171,5.7693855e-05
2025-08-15 08:10:00+00:00,-0.0016158818097876,5.7693855e-05
2025-08-15 08:11:00+00:00,-0.0011550011550011,4.670993e-05
2025-08-15 08:12:00+00:00,-0.0009240009240009,4.670993e-05
2025-08-15 08:13:00+00:00,-0.0006928406466513,5.7693855e-05
2025-08-15 08:14:00+00:00,-0.0006930006930007,8.4514446e-05
2025-08-15 08:15:00+00:00,0.0011560693641619,6.16261e-05
2025-08-15 08:16:00+00:00,0.0020814061054579,6.16261e-05
2025-08-15 08:17:00+00:00,0.0016184971098265,5.439159e-05
2025-08-15 08:18:00+00:00,0.0018488560203373,7.261002e-05
2025-08-15 08:19:00+00:00,0.0020804438280166,6.16261e-05
2025-08-15 08:20:00+00:00,0.0004618937644342,7.559442e-05
2025-08-15 08:21:00+00:00,-0.0002307869836141,5.7693855e-05
2025-08-15 08:23:00+00:00,-0.0004613610149942,5.7693855e-05
2025-08-15 08:24:00+00:00,-0.000230680507497,5.7693855e-05
2025-08-15 08:25:00+00:00,-0.0006925207756233,5.7693855e-05
2025-08-15 08:26:00+00:00,-0.0004616805170821,7.261002e-05
2025-08-15 08:27:00+00:00,0.0,5.7693855e-05
2025-08-15 08:28:00+00:00,-0.0013847219016847,7.261002e-05
2025-08-15 08:29:00+00:00,-0.0013844023996307,7.261002e-05
2025-08-15 08:30:00+00:00,0.0002310002310002,8.4514446e-05
2025-08-15 08:31:00+00:00,-0.0002309468822171,5.439159e-05
2025-08-15 08:32:00+00:00,-0.0006925207756233,5.7693855e-05
2025-08-15 08:33:00+00:00,-0.0002311070025421,6.16261e-05
2025-08-15 08:34:00+00:00,-0.0006931608133087,6.16261e-05
2025-08-15 08:35:00+00:00,-0.0009237875288683,7.559442e-05
2025-08-15 08:36:00+00:00,-0.0004620004620005,5.439159e-05
2025-08-15 08:37:00+00:00,0.0002310002310002,5.439159e-05
2025-08-15 08:38:00+00:00,0.001386962552011,6.16261e-05
2025-08-15 08:39:00+00:00,0.0013872832369943,6.16261e-05
2025-08-15 08:40:00+00:00,0.0004623208506704,5.439159e-05
2025-08-15 08:41:00+00:00,0.0,5.439159e-05
2025-08-15 08:42:00+00:00,-0.0011547344110854,7.559442e-05
2025-08-15 08:43:00+00:00,-0.0020775623268698,5.7693855e-05
2025-08-15 08:44:00+00:00,-0.0020780420226276,5.7693855e-05
2025-08-15 08:45:00+00:00,-0.0009242144177449,7.559442e-05
2025-08-15 08:46:00+00:00,-0.0011555350127109,7.559442e-05
2025-08-15 08:47:00+00:00,-0.0013872832369942,6.16261e-05
2025-08-15 08:48:00+00:00,-0.0006939625260236,5.439159e-05
2025-08-15 08:49:00+00:00,-0.0002313743637204,5.439159e-05
2025-08-15 08:50:00+00:00,0.0,9.051059e-05
2025-08-15 08:51:00+00:00,0.0,6.16261e-05
2025-08-15 08:52:00+00:00,0.0004630701551284,6.16261e-05
2025-08-15 08:53:00+00:00,0.0,6.16261e-05
2025-08-15 08:54:00+00:00,-0.0004628558204119,6.16261e-05
2025-08-15 08:55:00+00:00,-0.0009250693802035,4.670993e-05
2025-08-15 08:56:00+00:00,0.0,4.670993e-05
2025-08-15 08:57:00+00:00,0.0004628558204118,4.670993e-05
2025-08-15 08:58:00+00:00,0.0009259259259259,3.9475413e-05
2025-08-15 08:59:00+00:00,0.0013892104653854,5.439159e-05
2025-08-15 09:00:00+00:00,0.0013888888888888,6.16261e-05
2025-08-15 09:01:00+00:00,0.0006941230911614,5.7693855e-05
2025-08-15 09:02:00+00:00,-0.0002313208420078,5.7693855e-05
2025-08-15 09:03:00+00:00,-0.0009250693802035,5.7693855e-05
2025-08-15 09:04:00+00:00,-0.0002312138728324,5.7693855e-05
2025-08-15 09:05:00+00:00,-0.0011558021266758,5.7693855e-05
2025-08-15 09:06:00+00:00,-0.0006936416184971,5.7693855e-05
2025-08-15 09:07:00+00:00,0.0002313743637205,7.261002e-05
2025-08-15 09:08:00+00:00,0.0006944444444445,7.261002e-05
2025-08-15 09:09:00+00:00,-0.0002312673450508,7.261002e-05
2025-08-15 09:11:00+00:00,-0.000462748727441,7.261002e-05
2025-08-15 09:12:00+00:00,-0.0009252833680314,5.7693855e-05
2025-08-15 09:13:00+00:00,-0.0013879250520472,6.9598274e-05
2025-08-15 09:14:00+00:00,-0.0020818875780708,9.051059e-05
2025-08-15 09:15:00+00:00,-0.0025457070122656,4.670993e-05
2025-08-15 09:16:00+00:00,-0.0030092592592592,6.16261e-05
2025-08-15 09:17:00+00:00,-0.0027784209307709,5.439159e-05
2025-08-15 09:18:00+00:00,-0.0018531387537641,5.439159e-05
2025-08-15 09:19:00+00:00,-0.0013908205841446,8.732088e-05
2025-08-15 09:20:00+00:00,-0.0013921113689094,8.732088e-05
2025-08-15 09:21:00+00:00,-0.0004643603436266,8.732088e-05
2025-08-15 09:22:00+00:00,-0.0004643603436266,8.732088e-05
2025-08-15 09:23:00+00:00,-0.0013924344395451,8.732088e-05
2025-08-15 09:24:00+00:00,-0.0013927576601671,8.732088e-05
2025-08-15 09:25:00+00:00,0.000232342007435,8.732088e-05
2025-08-15 09:26:00+00:00,0.0002322880371661,8.732088e-05
2025-08-15 09:27:00+00:00,0.0006968641114981,8.732088e-05
2025-08-15 09:28:00+00:00,0.0011619800139437,8.732088e-05
2025-08-15 09:29:00+00:00,0.0016271501627149,8.732088e-05
2025-08-15 09:30:00+00:00,0.0009291521486642,4.670993e-05
2025-08-15 09:31:00+00:00,0.0009289363678588,6.9598274e-05
2025-08-15 09:32:00+00:00,0.0006963788300835,5.7693855e-05
2025-08-15 09:34:00+00:00,0.0002320724065909,5.7693855e-05
2025-08-15 09:35:00+00:00,-0.0006962172197725,5.7693855e-05
2025-08-15 09:36:00+00:00,-0.0018561484918793,5.7693855e-05
2025-08-15 09:37:00+00:00,-0.0023196474135931,5.7693855e-05
2025-08-15 09:38:00+00:00,-0.0013927576601671,5.7693855e-05
2025-08-15 09:39:00+00:00,-0.0011600928074245,5.7693855e-05
2025-08-15 09:40:00+00:00,-0.0002322340919647,7.261002e-05
2025-08-15 09:41:00+00:00,0.00092980009298,6.16261e-05
2025-08-15 09:42:00+00:00,0.0011625203441061,8.732088e-05
2025-08-15 09:43:00+00:00,0.0006973500697349,0.00013416723
2025-08-15 09:44:00+00:00,0.0002322880371661,0.00013416723
2025-08-15 09:45:00+00:00,0.0006968641114981,0.00013416723
2025-08-15 09:46:00+00:00,0.0011611704598235,0.00011925105
2025-08-15 09:47:00+00:00,-0.0002322340919647,0.00011925105
2025-08-15 09:48:00+00:00,0.0002322880371661,0.00011201654
2025-08-15 09:49:00+00:00,0.0002322340919647,0.00011925105
2025-08-15 09:50:00+00:00,-0.0004642525533889,5.7693855e-05
2025-08-15 09:51:00+00:00,-0.003015541637671,5.7693855e-05
2025-08-15 09:52:00+00:00,-0.0016260162601625,7.261002e-05
2025-08-15 09:53:00+00:00,-0.0009289363678588,5.7693855e-05
2025-08-15 09:54:00+00:00,-0.0013930810308799,5.7693855e-05
2025-08-15 09:55:00+00:00,-0.0002322340919647,7.261002e-05
2025-08-15 09:56:00+00:00,0.001628664495114,0.00013535752
2025-08-15 09:57:00+00:00,0.0025593299208934,9.946998e-05
2025-08-15 09:58:00+00:00,0.00185960018596,9.2235474e-05
2025-08-15 09:59:00+00:00,0.0025575447570331,9.946998e-05
2025-08-15 10:00:00+00:00,0.0018583042973285,9.2235474e-05
2025-08-15 10:01:00+00:00,0.002787456445993,8.4553816e-05
2025-08-15 10:02:00+00:00,0.0025527964724993,-1.51488475e-05
2025-08-15 10:03:00+00:00,0.0023201856148491,-1.51488475e-05
2025-08-15 10:04:00+00:00,0.0006957328385899,-1.51488475e-05
2025-08-15 10:05:00+00:00,0.0002318571759796,-1.51488475e-05
2025-08-15 10:06:00+00:00,-0.0006949270326616,-2.5649379e-05
2025-08-15 10:07:00+00:00,-0.0016203703703703,-2.5649379e-05
2025-08-15 10:08:00+00:00,-0.0011574074074074,-1.3420966e-05
2025-08-15 10:09:00+00:00,-0.0004634994206257,-2.5649379e-05
2025-08-15 10:10:00+00:00,-0.0006954102920723,2.2996617e-05
2025-08-15 10:11:00+00:00,0.0002318034306907,3.791279e-05
2025-08-15 10:12:00+00:00,0.0013911430558775,3.791279e-05
2025-08-15 10:13:00+00:00,0.0009269988412514,3.791279e-05
2025-08-15 10:14:00+00:00,0.0009274287039184,3.791279e-05
2025-08-15 10:15:00+00:00,0.0020876826722338,5.5813372e-05
2025-08-15 10:16:00+00:00,0.0027809965237544,7.559442e-05
2025-08-15 10:17:00+00:00,0.0009261403102569,6.9598274e-05
2025-08-15 10:18:00+00:00,0.0006946052326928,6.9598274e-05
2025-08-15 10:19:00+00:00,0.0006949270326614,5.7693855e-05
2025-08-15 10:20:00+00:00,0.0004629629629628,5.7693855e-05
2025-08-15 10:21:00+00:00,-0.0011555350127109,2.3910989e-05
2025-08-15 10:22:00+00:00,-0.0004626416840157,2.8125496e-05
2025-08-15 10:23:00+00:00,-0.0002313743637204,2.8125496e-05
2025-08-15 10:24:00+00:00,-0.0002314814814814,-0.00041179743
2025-08-15 10:25:00+00:00,-0.000925497454882,2.2996617e-05
2025-08-15 10:26:00+00:00,-0.000925497454882,3.791279e-05
2025-08-15 10:27:00+00:00,-0.0006942837306178,4.9327697e-05
2025-08-15 10:28:00+00:00,-0.0002314279102059,4.9327697e-05
2025-08-15 10:29:00+00:00,0.0004630701551284,7.261002e-05
2025-08-15 10:30:00+00:00,0.0002315886984716,9.051059e-05
2025-08-15 10:31:00+00:00,-0.000926354793886,6.16261e-05
2025-08-15 10:32:00+00:00,-0.0006947660954145,6.16261e-05
2025-08-15 10:33:00+00:00,-0.0018518518518518,9.051059e-05
2025-08-15 10:34:00+00:00,-0.0011571395510298,5.7693855e-05
2025-08-15 10:35:00+00:00,-0.0004630701551284,3.9475413e-05
2025-08-15 10:36:00+00:00,0.0006954102920724,4.698048e-05
2025-08-15 10:37:00+00:00,0.0,6.16261e-05
2025-08-15 10:38:00+00:00,0.00139146567718,6.16261e-05
2025-08-15 10:39:00+00:00,0.0002316960148285,3.9745963e-05
2025-08-15 10:42:00+00:00,-0.00162224797219,3.9475413e-05
2025-08-15 10:43:00+00:00,-0.0018527095877721,7.559442e-05
2025-08-15 10:44:00+00:00,-0.0020847810979847,4.670993e-05
2025-08-15 10:45:00+00:00,-0.0020847810979847,7.559442e-05
2025-08-15 10:46:00+00:00,-0.0025480657864257,5.7693855e-05
2025-08-15 10:47:00+00:00,-0.0004642525533889,4.698048e-05
2025-08-15 10:48:00+00:00,-0.0016241299303944,6.722827e-05
2025-08-15 10:49:00+00:00,-0.0016248839368616,3.8343762e-05
2025-08-15 10:50:00+00:00,-0.0011606313834725,3.8343762e-05
2025-08-15 10:51:00+00:00,-0.0004644681839294,3.8343762e-05
2025-08-15 10:52:00+00:00,0.0004644681839294,3.8343762e-05
2025-08-15 10:53:00+00:00,0.0009295840111549,6.4038555e-05
2025-08-15 10:54:00+00:00,0.0016275284817484,6.4038555e-05
2025-08-15 10:55:00+00:00,0.0016267720195213,2.6928852e-05
2025-08-15 10:56:00+00:00,0.0013940520446096,4.698048e-05
2025-08-15 10:57:00+00:00,0.0009285051067779,2.2996617e-05
2025-08-15 10:58:00+00:00,0.0009287206872532,1.6193071e-05
2025-08-15 10:59:00+00:00,0.0009285051067779,4.304824e-05
2025-08-15 11:00:00+00:00,0.0004640371229698,4.304824e-05
2025-08-15 11:01:00+00:00,0.0013921113689094,4.304824e-05
2025-08-15 11:02:00+00:00,0.0011595547309832,4.304824e-05
2025-08-15 11:03:00+00:00,0.0016237531895151,5.7693855e-05
2025-08-15 11:04:00+00:00,0.0004638218923933,5.7693855e-05
2025-08-15 11:05:00+00:00,0.0,5.7693855e-05
2025-08-15 11:06:00+00:00,-0.0006950880444855,2.3910989e-05
2025-08-15 11:07:00+00:00,-0.0016214964095436,5.7693855e-05
2025-08-15 11:08:00+00:00,-0.0020842982862436,5.7693855e-05
2025-08-15 11:09:00+00:00,-0.0011590171534539,5.7693855e-05
2025-08-15 11:10:00+00:00,-0.0004638218923933,5.7693855e-05
2025-08-15 11:11:00+00:00,-0.0020867145838163,7.261002e-05
2025-08-15 11:12:00+00:00,-0.002552204176334,9.051059e-05
2025-08-15 11:13:00+00:00,-0.0009282896263633,9.051059e-05
2025-08-15 11:14:00+00:00,-0.0006962172197725,5.439159e-05
2025-08-15 11:15:00+00:00,-0.0009280742459396,9.051059e-05
2025-08-15 11:16:00+00:00,0.0006970260223049,6.16261e-05
2025-08-15 11:17:00+00:00,0.0016282856478251,8.732088e-05
2025-08-15 11:18:00+00:00,-0.0002322880371661,3.8343762e-05
2025-08-15 11:19:00+00:00,0.0002322340919647,3.8343762e-05
2025-08-15 11:21:00+00:00,-0.0011609008590666,2.3427585e-05
2025-08-15 11:22:00+00:00,-0.0011611704598235,3.2064305e-05
2025-08-15 11:23:00+00:00,-0.0006970260223048,0.0001195216
2025-08-15 11:24:00+00:00,-0.0023218017181332,4.0897197e-05
2025-08-15 11:25:00+00:00,-0.002322340919647,8.4553816e-05
2025-08-15 11:26:00+00:00,-0.00092980009298,6.722827e-05
2025-08-15 11:27:00+00:00,-0.0002325040688212,5.7964404e-05
2025-08-15 11:28:00+00:00,0.0004650081376424,0.0001195216
2025-08-15 11:29:00+00:00,0.001629043518734,0.0001452164
2025-08-15 11:30:00+00:00,0.0006983240223463,0.0001452164
2025-08-15 11:31:00+00:00,0.0009306654257794,0.0001195216
2025-08-15 11:32:00+00:00,0.0009302325581395,0.0001195216
2025-08-15 11:33:00+00:00,0.0,3.4901044e-05
2025-08-15 11:34:00+00:00,0.0009293680297397,7.73193e-05
2025-08-15 11:35:00+00:00,0.002791346824843,8.4553816e-05
2025-08-15 11:36:00+00:00,0.00139470013947,2.2996617e-05
2025-08-15 11:37:00+00:00,0.0013940520446096,4.304824e-05
2025-08-15 11:38:00+00:00,0.0018591680223101,5.7693855e-05
2025-08-15 11:39:00+00:00,0.0009285051067779,5.7693855e-05
2025-08-15 11:40:00+00:00,0.0009278589654373,3.254771e-05
2025-08-15 11:41:00+00:00,0.0025533890436397,4.304824e-05
2025-08-15 11:42:00+00:00,0.0013921113689094,4.304824e-05
2025-08-15 11:43:00+00:00,0.0016237531895151,4.304824e-05
2025-08-15 11:44:00+00:00,0.0020871985157699,4.304824e-05
2025-08-15 11:45:00+00:00,0.001390498261877,3.254771e-05
2025-08-15 11:46:00+00:00,0.0,4.7193324e-05
2025-08-15 11:47:00+00:00,0.0011584800741426,3.254771e-05
2025-08-15 11:48:00+00:00,-0.0002315886984715,3.254771e-05
2025-08-15 11:49:00+00:00,-0.0013885674612358,8.618317e-05
2025-08-15 11:50:00+00:00,-0.0009257116408238,9.66837e-05
2025-08-15 11:51:00+00:00,-0.0009261403102569,9.66837e-05
2025-08-15 11:52:00+00:00,-0.0016199953714417,9.66837e-05
2025-08-15 11:53:00+00:00,-0.0006949270326616,9.695425e-05
2025-08-15 11:55:00+00:00,-0.0011582117211026,7.261002e-05
2025-08-15 11:56:00+00:00,-0.0004634994206257,6.16261e-05
2025-08-15 11:57:00+00:00,0.0006954102920724,9.051059e-05
2025-08-15 11:58:00+00:00,0.0011590171534539,6.16261e-05
2025-08-15 11:59:00+00:00,0.0011587485515642,4.670993e-05
2025-08-15 12:00:00+00:00,0.0006957328385899,6.16261e-05
2025-08-15 12:01:00+00:00,0.0009274287039184,6.16261e-05
2025-08-15 12:02:00+00:00,-0.000463284688441,4.670993e-05
2025-08-15 12:03:00+00:00,-0.0002315350775642,5.7693855e-05
2025-08-15 12:04:00+00:00,-0.0006944444444444,5.7693855e-05
2025-08-15 12:05:00+00:00,0.0011587485515642,7.559442e-05
2025-08-15 12:06:00+00:00,0.0004632846884411,5.7693855e-05
2025-08-15 12:07:00+00:00,0.0011587485515642,7.261002e-05
2025-08-15 12:08:00+00:00,0.0016211208893006,7.261002e-05
2025-08-15 12:09:00+00:00,0.0016214964095435,7.261002e-05
2025-08-15 12:10:00+00:00,0.0006944444444445,5.7693855e-05
2025-08-15 12:11:00+00:00,0.0004630701551284,5.7693855e-05
2025-08-15 12:12:00+00:00,0.0002314814814814,5.7693855e-05
2025-08-15 12:13:00+00:00,-0.0016184971098266,5.7693855e-05
2025-08-15 12:14:00+00:00,-0.0020814061054579,5.7693855e-05
2025-08-15 12:15:00+00:00,-0.0053203793661809,5.7693855e-05
2025-08-15 12:16:00+00:00,-0.0043971302939134,5.7693855e-05
2025-08-15 12:17:00+00:00,-0.0039342744735014,5.7693855e-05
2025-08-15 12:18:00+00:00,-0.0039370078740157,7.261002e-05
2025-08-15 12:19:00+00:00,-0.0027809965237542,9.051059e-05
2025-08-15 12:20:00+00:00,0.002093023255814,0.00013083976
2025-08-15 12:21:00+00:00,0.00185960018596,2.6231359e-05
2025-08-15 12:22:00+00:00,0.0020910780669145,5.3656595e-07
2025-08-15 12:23:00+00:00,0.0030225528946756,-6.744755e-06
2025-08-15 12:24:00+00:00,0.0016267720195213,-6.744755e-06
2025-08-15 12:25:00+00:00,0.0085866790438617,-2.166092e-05
2025-08-15 12:26:00+00:00,0.0037122969837586,-2.166092e-05
2025-08-15 12:27:00+00:00,0.0039415719916531,-2.166092e-05
2025-08-15 12:28:00+00:00,0.0034770514603617,-2.166092e-05
2025-08-15 12:29:00+00:00,0.0041763341067284,-2.166092e-05
2025-08-15 12:30:00+00:00,-0.0052922227335481,0.00035642827
2025-08-15 12:31:00+00:00,0.0,0.0005112646
2025-08-15 12:32:00+00:00,-0.0034642032332563,0.00042330555
2025-08-15 12:33:00+00:00,-0.003003003003003,0.00042330555
2025-08-15 12:34:00+00:00,-0.0032347504621071,0.00034546293
2025-08-15 12:35:00+00:00,-0.0006939625260236,0.00045116356
2025-08-15 12:36:00+00:00,-0.0004623208506703,0.00034546293
2025-08-15 12:37:00+00:00,0.0016222479721901,-0.0019821506
2025-08-15 12:38:00+00:00,0.000463392029657,-0.0020867593
2025-08-15 12:39:00+00:00,0.00301344459898,-0.0020867593
2025-08-15 12:40:00+00:00,0.004398148148148,0.0008028053
2025-08-15 12:41:00+00:00,0.0016188714153562,0.0006028114
2025-08-15 12:42:00+00:00,0.001850994909764,0.00078363135
2025-08-15 12:43:00+00:00,0.0032422417786011,0.00078363135
2025-08-15 12:44:00+00:00,0.0002311070025422,0.0005194279
2025-08-15 12:45:00+00:00,-0.0027656141968195,-0.004935116
2025-08-15 12:46:00+00:00,-0.0013853613484183,-0.0020508715
2025-08-15 12:47:00+00:00,-0.0016166281755196,-0.0020738172
2025-08-15 12:48:00+00:00,-0.0032317636195752,-0.002091831
2025-08-15 12:49:00+00:00,-0.0016173752310536,-0.002091831
2025-08-15 12:50:00+00:00,-0.0018488560203374,-0.0002086001
2025-08-15 12:51:00+00:00,-0.0009248554913294,-0.00016273487
2025-08-15 12:52:00+00:00,-0.0002313208420078,-0.00016273487
2025-08-15 12:53:00+00:00,0.001389532190829,-0.00016273487
2025-08-15 12:54:00+00:00,-0.0002314279102059,-8.025446e-05
2025-08-15 12:55:00+00:00,0.0009261403102569,-8.025446e-05
2025-08-15 12:57:00+00:00,0.0002313743637205,-6.744755e-06
2025-08-15 12:58:00+00:00,-0.0009250693802035,-2.166092e-05
2025-08-15 12:59:00+00:00,0.0004629629629628,-6.744755e-06
2025-08-15 13:00:00+00:00,0.0006939625260236,-2.166092e-05
2025-08-15 13:01:00+00:00,0.0011571395510299,-2.166092e-05
2025-08-15 13:02:00+00:00,0.0004626416840156,-0.00010414136
2025-08-15 13:03:00+00:00,0.0006944444444445,-2.3267557e-07
2025-08-15 13:04:00+00:00,-0.0002313743637204,-1.51488475e-05
2025-08-15 13:05:00+00:00,-0.0016181229773463,-1.51488475e-05
2025-08-15 13:06:00+00:00,-0.0023116042533518,1.9548386e-05
2025-08-15 13:07:00+00:00,-0.0034682080924856,1.9548386e-05
2025-08-15 13:08:00+00:00,-0.0030071709461022,3.1452815e-05
2025-08-15 13:09:00+00:00,-0.0023142791020597,3.4464556e-05
2025-08-15 13:10:00+00:00,-0.0013892104653855,3.5233807e-05
2025-08-15 13:11:00+00:00,-0.0002316960148285,3.5233807e-05
2025-08-15 13:12:00+00:00,-0.0006960556844547,-3.335742e-05
2025-08-15 13:13:00+00:00,0.0006960556844548,3.5233807e-05
2025-08-15 13:14:00+00:00,0.000695894224078,3.5233807e-05
2025-08-15 13:15:00+00:00,0.0016230002318571,3.5233807e-05
2025-08-15 13:16:00+00:00,0.0004634994206256,3.5233807e-05
2025-08-15 13:17:00+00:00,0.0016252612026932,-8.8847955e-06
2025-08-15 13:18:00+00:00,0.0004637143519592,-2.166092e-05
2025-08-15 13:19:00+00:00,-0.000927213722763,-5.9688504e-05
2025-08-15 13:20:00+00:00,-0.0025462962962963,-0.00010414136
2025-08-15 13:21:00+00:00,-0.000926569376882,-0.00010414136
2025-08-15 13:22:00+00:00,-0.0002318034306907,-0.00010414136
2025-08-15 13:23:00+00:00,0.0009269988412514,-0.00010414136
2025-08-15 13:24:00+00:00,0.0018561484918793,-7.7320765e-05
2025-08-15 13:25:00+00:00,-0.0002320724065908,-6.744755e-06
2025-08-15 13:26:00+00:00,-0.0013911430558776,-7.132462e-05
2025-08-15 13:27:00+00:00,0.0004637143519592,-8.922519e-05
2025-08-15 13:28:00+00:00,-0.0011576753878212,-0.00010414136
2025-08-15 13:29:00+00:00,-0.0016211208893005,-0.00010414136
2025-08-15 13:30:00+00:00,-0.0023212627669452,9.7863645e-05
2025-08-15 13:31:00+00:00,-0.0027861620617599,-6.744755e-06
2025-08-15 13:32:00+00:00,-0.0050984936268829,-0.00010414136
2025-08-15 13:33:00+00:00,-0.005099675475197,-7.7320765e-05
2025-08-15 13:34:00+00:00,-0.0046392948271862,-8.922519e-05
2025-08-15 13:35:00+00:00,-0.0002326663564448,2.4353956e-05
2025-08-15 13:36:00+00:00,-0.0011641443538998,-0.00010469407
2025-08-15 13:37:00+00:00,-0.0009317493594223,-7.8999285e-05
2025-08-15 13:38:00+00:00,0.000232991612302,-5.4895795e-06
2025-08-15 13:39:00+00:00,-0.0011652295502213,6.705156e-05
2025-08-15 13:40:00+00:00,-0.004887130556202,4.1356772e-05
2025-08-15 13:41:00+00:00,-0.0018648018648018,-3.2152915e-05
2025-08-15 13:42:00+00:00,-0.0002331545814875,-3.2152915e-05
2025-08-15 13:43:00+00:00,-0.0006988120195667,-4.7069094e-05
2025-08-15 13:44:00+00:00,-0.0025664955669622,-3.2152915e-05
2025-08-15 13:45:00+00:00,0.0014031805425631,9.815027e-05
2025-08-15 13:46:00+00:00,0.0,-3.2152915e-05
2025-08-15 13:47:00+00:00,-0.001865671641791,-3.2152915e-05
2025-08-15 13:48:00+00:00,-0.002097902097902,-0.00019069953
2025-08-15 13:49:00+00:00,-0.0016374269005847,0.00012031627
2025-08-15 13:50:00+00:00,-0.0014012143858009,-4.7069094e-05
2025-08-15 13:51:00+00:00,-0.0016347501167678,-8.376777e-06
2025-08-15 13:52:00+00:00,-0.000233644859813,6.5393956e-06
2025-08-15 13:53:00+00:00,-0.0007007708479327,6.5393956e-06
2025-08-15 13:54:00+00:00,0.0025773195876288,0.00013684259
2025-08-15 13:55:00+00:00,-0.0021047708138447,-0.00016990778
2025-08-15 13:56:00+00:00,0.0,6.5393956e-06
2025-08-15 13:57:00+00:00,0.0023369946249123,6.5393956e-06
2025-08-15 13:58:00+00:00,0.0032725572697522,6.5393956e-06
2025-08-15 13:59:00+00:00,0.0035054919373684,-0.00018482396
2025-08-15 14:00:00+00:00,0.0070307007265058,0.00011114779
2025-08-15 14:01:00+00:00,0.0051461988304093,-8.376777e-06
2025-08-15 14:02:00+00:00,0.0025647003963626,-0.00018482396
2025-08-15 14:03:00+00:00,0.0004659832246038,-0.00018482396
2025-08-15 14:04:00+00:00,0.0020959478341873,-0.0001953245
2025-08-15 14:05:00+00:00,0.0006981615080288,-7.711284e-05
2025-08-15 14:06:00+00:00,-0.0004654410053526,-0.0001953245
2025-08-15 14:07:00+00:00,-0.0013953488372092,-0.0001953245
2025-08-15 14:08:00+00:00,0.0006986492780625,-0.0001953245
2025-08-15 14:09:00+00:00,-0.0013943760167325,-0.00018880177
2025-08-15 14:10:00+00:00,0.0004651162790698,-0.0001953245
2025-08-15 14:11:00+00:00,0.0020954598370197,-0.00018040831
2025-08-15 14:12:00+00:00,0.0018630647414996,-0.00016990778
2025-08-15 14:13:00+00:00,0.0004654410053526,-0.00018482396
2025-08-15 14:14:00+00:00,-0.0002327205026763,-0.00012404255
2025-08-15 14:15:00+00:00,-0.0020920502092049,-0.000132436
2025-08-15 14:16:00+00:00,-0.0055762081784386,-0.00012601685
2025-08-15 14:17:00+00:00,-0.00371920037192,-0.0001440305
2025-08-15 14:18:00+00:00,-0.0037217957664573,-0.00016470917
2025-08-15 14:19:00+00:00,-0.00512104283054,-7.713308e-06
2025-08-15 14:20:00+00:00,-0.004425809457256,4.835541e-05
2025-08-15 14:21:00+00:00,-0.0007009345794392,9.689509e-05
2025-08-15 14:22:00+00:00,-0.0018665422305179,6.579639e-05
2025-08-15 14:23:00+00:00,-0.000700443614289,6.579639e-05
2025-08-15 14:24:00+00:00,0.0004679457182967,9.689509e-05
2025-08-15 14:25:00+00:00,-0.000701918577445,-7.713308e-06
2025-08-15 14:26:00+00:00,-0.0016366612111292,3.097901e-05
2025-08-15 14:27:00+00:00,-0.0016362786348761,3.097901e-05
2025-08-15 14:28:00+00:00,-0.0018691588785046,3.097901e-05
2025-08-15 14:29:00+00:00,-0.0007015902712815,5.088022e-05
2025-08-15 14:30:00+00:00,0.0011706860220088,6.579639e-05
2025-08-15 14:31:00+00:00,0.001639344262295,0.000113657195
2025-08-15 14:32:00+00:00,0.0018730976352141,6.579639e-05
2025-08-15 14:33:00+00:00,0.0021067415730338,6.579639e-05
2025-08-15 14:34:00+00:00,0.0018722209220687,-7.7320765e-05
2025-08-15 14:36:00+00:00,-0.0007014262333411,-0.00010414136
2025-08-15 14:37:00+00:00,-0.0016358962374386,-0.00010414136
2025-08-15 14:38:00+00:00,-0.0023359028264424,-0.00010414136
2025-08-15 14:39:00+00:00,-0.0023359028264424,-0.00010414136
2025-08-15 14:40:00+00:00,-0.0018709073900842,-0.00010414136
2025-08-15 14:41:00+00:00,-0.0018717828731866,-8.922519e-05
2025-08-15 14:42:00+00:00,-0.0030430711610487,-0.0001777939
2025-08-15 14:43:00+00:00,-0.002107234839616,-0.00016588948
2025-08-15 14:44:00+00:00,-0.0004682744088035,-0.00012519608
2025-08-15 14:45:00+00:00,0.000468603561387,6.246605e-05
2025-08-15 14:46:00+00:00,0.0004688232536333,8.816083e-05
2025-08-15 14:47:00+00:00,0.0016435783047663,7.351521e-05
2025-08-15 14:48:00+00:00,0.0002346316283434,6.487851e-05
2025-08-15 14:49:00+00:00,-0.0035137034434293,2.776881e-05
2025-08-15 14:50:00+00:00,-0.0028103044496486,1.2852643e-05
2025-08-15 14:51:00+00:00,-0.0021087160262418,1.2852643e-05
2025-08-15 14:52:00+00:00,0.0002344116268166,1.2852643e-05
2025-08-15 14:53:00+00:00,0.0004691531785128,1.2852643e-05
2025-08-15 14:54:00+00:00,0.0016455101081336,0.00019609959
2025-08-15 14:55:00+00:00,-0.0002348520432128,6.579639e-05
2025-08-15 14:56:00+00:00,-0.0011739845034045,6.579639e-05
2025-08-15 14:57:00+00:00,-0.0030466369814857,-0.00010414136
2025-08-15 14:58:00+00:00,-0.0023446658851113,-0.00010414136
2025-08-15 14:59:00+00:00,-0.0014081201595869,5.088022e-05
2025-08-15 15:00:00+00:00,-0.0009396288466055,6.579639e-05
2025-08-15 15:01:00+00:00,-0.0002350728725905,6.579639e-05
2025-08-15 15:02:00+00:00,-0.0002350728725905,6.579639e-05
2025-08-15 15:03:00+00:00,-0.0023501762632197,6.579639e-05
2025-08-15 15:04:00+00:00,-0.0025851938895417,-8.922519e-05
2025-08-15 15:05:00+00:00,-0.0007053844345168,0.00011964063
2025-08-15 15:06:00+00:00,0.0004702562896778,0.00011964063
2025-08-15 15:07:00+00:00,0.0009405125793557,0.00011964063
2025-08-15 15:08:00+00:00,0.0018845700824499,0.0013149348
2025-08-15 15:09:00+00:00,0.0030631479736098,0.0018858624
2025-08-15 15:10:00+00:00,0.0014117647058824,0.0005377416
2025-08-15 15:11:00+00:00,-0.0007050528789659,0.0002716117
2025-08-15 15:12:00+00:00,-0.0009396288466055,-3.2967775e-05
2025-08-15 15:13:00+00:00,0.003291794027745,-1.50672e-05
2025-08-15 15:14:00+00:00,0.0007047216349542,-3.2967775e-05
