timestamp,open,high,low,close,volume,close_ffill,ret_1,ret_5,ret_15,ma_20,vol_20,ret_mean_20,z_ret_20
2025-08-12 14:31:00+09:00,4317.0,4317.0,4315.0,4315.0,277788.56746209,4315.0,,,,,,,
2025-08-12 14:32:00+09:00,4315.0,4315.0,4308.0,4310.0,919561.50904832,4310.0,-0.0011587485515642815,,,,,,
2025-08-12 14:33:00+09:00,4310.0,4312.0,4307.0,4312.0,455353.95548053,4312.0,0.00046403712296982924,,,,,,
2025-08-12 14:34:00+09:00,4312.0,4312.0,4305.0,4307.0,348723.49946757,4307.0,-0.001159554730983281,,,,,,
2025-08-12 14:35:00+09:00,4307.0,4310.0,4304.0,4306.0,500088.61034325,4306.0,-0.00023218017181336759,,,,,,
2025-08-12 14:36:00+09:00,4307.0,4311.0,4306.0,4310.0,242860.48555391,4310.0,0.0009289363678588458,-0.0011587485515642815,,,,,
2025-08-12 14:37:00+09:00,4310.0,4310.0,4307.0,4308.0,145325.47588667,4308.0,-0.00046403712296982924,-0.00046403712296982924,,,,,
2025-08-12 14:38:00+09:00,4307.0,4308.0,4307.0,4308.0,104115.72852726,4308.0,0.0,-0.0009276437847866026,,,,,
2025-08-12 14:39:00+09:00,4308.0,4308.0,4307.0,4308.0,127974.29525281,4308.0,0.0,0.00023218017181325656,,,,,
2025-08-12 14:40:00+09:00,4308.0,4309.0,4307.0,4309.0,131290.54759645,4309.0,0.0002321262766944443,0.0006967022758941344,,,,,
2025-08-12 14:41:00+09:00,4309.0,4311.0,4307.0,4309.0,243506.91175232,4309.0,0.0,-0.00023201856148491462,,,,,
2025-08-12 14:42:00+09:00,4309.0,4309.0,4306.0,4306.0,167312.34796558,4306.0,-0.0006962172197725325,-0.0004642525533889996,,,,,
2025-08-12 14:43:00+09:00,4307.0,4307.0,4304.0,4304.0,257202.42965425,4304.0,-0.0004644681839294229,-0.0009285051067781103,,,,,
2025-08-12 14:44:00+09:00,4305.0,4307.0,4304.0,4307.0,176353.20831436,4307.0,0.0006970260223049252,-0.00023212627669455532,,,,,
2025-08-12 14:45:00+09:00,4307.0,4310.0,4306.0,4308.0,48356.46526119,4308.0,0.00023218017181325656,-0.00023207240659084416,,,,,
2025-08-12 14:46:00+09:00,4309.0,4310.0,4308.0,4309.0,80897.47357322,4309.0,0.0002321262766944443,0.0,-0.0013904982618772044,,,,
2025-08-12 14:47:00+09:00,4310.0,4313.0,4309.0,4312.0,158025.82475782,4312.0,0.0006962172197726435,0.0013934045517882687,0.00046403712296982924,,,,
2025-08-12 14:48:00+09:00,4313.0,4314.0,4311.0,4313.0,124454.37980336,4313.0,0.00023191094619656738,0.0020910780669145534,0.00023191094619656738,,,,
2025-08-12 14:49:00+09:00,4314.0,4319.0,4314.0,4319.0,134579.43111075,4319.0,0.0013911430558775084,0.002786162061759967,0.002786162061759967,,,,
2025-08-12 14:50:00+09:00,4318.0,4323.0,4318.0,4322.0,138576.2606126,4322.0,0.0006946052326928243,0.0032497678737233304,0.003715745471435161,4310.1,,,
2025-08-12 14:51:00+09:00,4323.0,4325.0,4322.0,4323.0,98518.11219047,4323.0,0.00023137436372056008,0.0032490136922720403,0.003016241299304001,4310.5,0.000657754921606947,9.282385377815672e-05,0.21064154047515687
2025-08-12 14:52:00+09:00,4324.0,4325.0,4323.0,4325.0,50695.15624324,4325.0,0.0004626416840156633,0.003014842300556486,0.003946146703806885,4311.25,0.0005920115409619309,0.00017389336555715396,0.48774102948962145
2025-08-12 14:53:00+09:00,4325.0,4326.0,4324.0,4325.0,47028.1326199,4325.0,0.0,0.002782286111755239,0.003946146703806885,4311.9,0.0005891280179015165,0.0001506915094086625,-0.2557873752897173
2025-08-12 14:54:00+09:00,4325.0,4327.0,4325.0,4326.0,99269.10895821,4326.0,0.00023121387283242534,0.0016207455429497752,0.00417827298050133,4312.85,0.0005019641098061941,0.00022022993959944782,0.02188190951982277
2025-08-12 14:55:00+09:00,4327.0,4329.0,4326.0,4329.0,36105.42187029,4329.0,0.0006934812760055475,0.0016196205460434765,0.004641448131817105,4314.0,0.0005007279356801542,0.00026651301199039356,0.8526951136352915
2025-08-12 14:56:00+09:00,4329.0,4332.0,4328.0,4330.0,255966.79519372,4330.0,0.00023100023100020017,0.0016192458940551546,0.00487352053840806,4315.0,0.0004758339802525469,0.00023161620514746127,-0.0012945148367381723
2025-08-12 14:57:00+09:00,4330.0,4330.0,4324.0,4325.0,158570.12898651,4325.0,-0.0011547344110854896,0.0,0.004412447747329296,4315.85,0.0005484966487214679,0.00019708134074167827,-2.4645834299593568
2025-08-12 14:58:00+09:00,4325.0,4327.0,4324.0,4326.0,92740.67999084,4326.0,0.00023121387283242534,0.00023121387283242534,0.005111524163568859,4316.75,0.0005465573539338289,0.00020864203438329952,0.041298206467566004
2025-08-12 14:59:00+09:00,4327.0,4328.0,4325.0,4326.0,49298.18220064,4326.0,0.0,0.0,0.004411423264453207,4317.65,0.0005465573539338289,0.00020864203438329952,-0.3817385913511276
2025-08-12 15:00:00+09:00,4328.0,4332.0,4326.0,4331.0,51875.87634621,4331.0,0.0011558021266759866,0.00046200046200040035,0.005338904363973995,4318.75,0.0005862313069019245,0.00025482582688237667,1.5368955720823378
2025-08-12 15:01:00+09:00,4332.0,4336.0,4331.0,4335.0,67977.88959124,4335.0,0.0009235742322788454,0.0011547344110853786,0.00603388257136217,4320.05,0.0006012843498534218,0.00030100453849631894,1.035399797008343
2025-08-12 15:02:00+09:00,4336.0,4336.0,4333.0,4333.0,138513.93292437,4333.0,-0.00046136101499427706,0.0018497109826589586,0.004870129870129913,4321.4,0.0005827930321591765,0.0003127473487352317,-1.328273196509458
2025-08-12 15:03:00+09:00,4333.0,4336.0,4332.0,4335.0,44206.67907624,4335.0,0.00046157396722823485,0.0020804438280166426,0.005100857871551234,4322.95,0.0005538627192252073,0.0003590494562931146,0.1851081637676223
2025-08-12 15:04:00+09:00,4336.0,4336.0,4333.0,4334.0,105587.25981907,4334.0,-0.00023068050749708302,0.0018492834026815341,0.003473026163463677,4324.3,0.0005628422057992464,0.0003126641298030142,-0.965358730567367
2025-08-12 15:05:00+09:00,4334.0,4335.0,4329.0,4329.0,73358.78085567,4329.0,-0.00115366866635902,-0.0004617871161394227,0.0016196205460434765,4325.35,0.0006515835356811315,0.00024337168789440033,-2.1440694519591066
2025-08-12 15:06:00+09:00,4330.0,4330.0,4324.0,4328.0,128914.02153535,4328.0,-0.00023100023100020017,-0.0016147635524798032,0.0011566042100392693,4326.3,0.0006601769669246979,0.00022021536250966812,-0.6834767283865805
2025-08-12 15:07:00+09:00,4328.0,4330.0,4325.0,4330.0,84482.50854965,4330.0,0.00046210720887240875,-0.0006923609508423523,0.0011560693641619046,4327.2,0.0006533328501194459,0.00020850986196465637,0.38815949153848345
2025-08-12 15:08:00+09:00,4330.0,4330.0,4326.0,4327.0,17663.64326912,4327.0,-0.000692840646651316,-0.0018454440599768862,0.0004624277456648507,4327.9,0.0006836111275723509,0.0001622722823222622,-1.2508762576909285
2025-08-12 15:09:00+09:00,4327.0,4327.0,4321.0,4322.0,52633.19220916,4322.0,-0.0011555350127109287,-0.0027688047992616704,-0.0009246417013407671,4328.05,0.0006798364172654848,3.493837889284035e-05,-1.751117417910953
2025-08-12 15:10:00+09:00,4322.0,4323.0,4316.0,4318.0,159691.71515664,4318.0,-0.0009254974548820183,-0.002541002541002535,-0.002541002541002535,4327.85,0.0006934814355443773,-4.606675548590178e-05,-1.2681387767875438
2025-08-12 15:11:00+09:00,4318.0,4322.0,4316.0,4321.0,67549.17502691,4321.0,0.000694766095414634,-0.0016173752310536527,-0.002078521939953837,4327.75,0.0007107644761635873,-2.2897168901198083e-05,1.0097061521553266
2025-08-12 15:12:00+09:00,4321.0,4321.0,4314.0,4315.0,80970.70992478,4315.0,-0.0013885674612358345,-0.0034642032332563577,-0.0023121387283236983,4327.25,0.0007628373378259506,-0.00011545762616377298,-1.6689138980799796
2025-08-12 15:13:00+09:00,4314.0,4314.0,4311.0,4311.0,86596.4315552,4311.0,-0.0009269988412514696,-0.0036977120406748165,-0.0034674063800277377,4326.55,0.0007833395987830045,-0.00016180756822634646,-0.9768321098715339
2025-08-12 15:14:00+09:00,4312.0,4312.0,4308.0,4309.0,136611.67315981,4309.0,-0.0004639294827186724,-0.003007866728366504,-0.003929727230698066,4325.7,0.0007803996343728102,-0.00019656473600390134,-0.3425997846983182
2025-08-12 15:15:00+09:00,4309.0,4310.0,4306.0,4306.0,140924.39280661,4306.0,-0.0006962172197725325,-0.002779064381658203,-0.005772338951743228,4324.55,0.0007585427789636122,-0.0002660496607928053,-0.5670972961702435
2025-08-12 15:16:00+09:00,4307.0,4308.0,4301.0,4306.0,671415.14635547,4306.0,0.0,-0.003471418653089531,-0.006689734717416407,4323.35,0.0007523091320999762,-0.00027759967234281533,0.36899681327532313
2025-08-12 15:17:00+09:00,4308.0,4313.0,4306.0,4312.0,155596.27056526,4312.0,0.0013934045517882687,-0.0006952491309385467,-0.004846526655896577,4322.7,0.0008095369284846982,-0.00015019272419912743,1.9067657344263735
2025-08-12 15:18:00+09:00,4312.0,4317.0,4311.0,4317.0,156259.52382643,4317.0,0.001159554730983281,0.0013917884481557952,-0.0041522491349480495,4322.25,0.0008577365348060384,-0.00010377568129158466,1.4728653391924655
2025-08-12 15:19:00+09:00,4318.0,4320.0,4316.0,4319.0,41325.54927268,4319.0,0.0004632846884411457,0.0023207240659086636,-0.0034610059990770603,4321.9,0.0008668935385206137,-8.061144686952738e-05,0.6274082238966184
2025-08-12 15:20:00+09:00,4318.0,4323.0,4318.0,4323.0,57918.90731846,4323.0,0.000926140310256951,0.003947979563399873,-0.001386001386001423,4321.5,0.0008510296266591505,-9.209453769047915e-05,1.196474031044806
2025-08-12 15:21:00+09:00,4323.0,4323.0,4316.0,4318.0,171517.01097094,4318.0,-0.0011566042100392693,0.0027868091035763154,-0.002310536044362266,4320.65,0.0008474735753750216,-0.00019610345980638488,-1.1333695564582604
2025-08-12 15:22:00+09:00,4319.0,4324.0,4319.0,4324.0,44031.15777404,4324.0,0.0013895321908290459,0.002782931354359919,-0.0013856812933025209,4320.2,0.0009153258356061307,-0.00010355879951521873,1.6312125499610055
2025-08-12 15:23:00+09:00,4324.0,4329.0,4324.0,4328.0,41537.44222144,4328.0,0.0009250693802034249,0.002548065786425857,0.00023110700254225236,4319.85,0.0009360208558575271,-8.038402886645924e-05,1.074178425382143
2025-08-12 15:24:00+09:00,4330.0,4335.0,4327.0,4335.0,117540.84086403,4335.0,0.0016173752310535416,0.003704561241028026,0.003007866728366393,4319.9,0.0010087928633538816,1.2018758061072e-05,1.5913638283038838
2025-08-12 15:25:00+09:00,4335.0,4343.0,4335.0,4341.0,429766.32141257,4341.0,0.0013840830449827202,0.004163775156141636,0.005326540064844787,4320.5,0.0010140414667762932,0.00013890634362815902,1.2279346971017493
2025-08-12 15:26:00+09:00,4342.0,4344.0,4338.0,4340.0,162419.10414182,4340.0,-0.00023036166781842393,0.00509495136637339,0.0043971302939134205,4321.1,0.0010140292168642146,0.00013893827178724784,-0.3641906302736478
2025-08-12 15:27:00+09:00,4339.0,4340.0,4330.0,4331.0,125377.16206108,4331.0,-0.0020737327188939947,0.0016188714153562156,0.0037079953650058783,4321.15,0.0011240621902764716,1.2146275398927654e-05,-1.8556615571064488
2025-08-12 15:28:00+09:00,4331.0,4338.0,4330.0,4335.0,98613.32237241,4335.0,0.0009235742322788454,0.0016173752310535416,0.005567153792623625,4321.55,0.00112880595628284,9.296701934543571e-05,0.7358281627682057
2025-08-12 15:29:00+09:00,4338.0,4338.0,4334.0,4335.0,38071.26245219,4335.0,0.0,0.0,0.00603388257136217,4322.2,0.0010904604854495327,0.00015074376998098216,-0.1382386358721099
2025-08-12 15:30:00+09:00,4336.0,4337.0,4331.0,4332.0,61610.53874599,4332.0,-0.0006920415224913601,-0.0020732550103662595,0.006038086391082276,4322.9,0.001079528262658825,0.00016241656660051507,-0.791510624267851
2025-08-12 15:31:00+09:00,4332.0,4334.0,4330.0,4332.0,83578.13648868,4332.0,0.0,-0.0018433179723502668,0.006038086391082276,4323.45,0.0010726526943594518,0.00012767826182978338,-0.11903038374040358
2025-08-12 15:32:00+09:00,4332.0,4332.0,4326.0,4328.0,62025.18043579,4328.0,-0.0009233610341643494,-0.0006926806742092451,0.0037105751391466324,4324.1,0.0010426674776399956,0.00015093858318335763,-1.0303377063024048
2025-08-12 15:33:00+09:00,4328.0,4328.0,4326.0,4327.0,37102.94816686,4327.0,-0.00023105360443620437,-0.0018454440599768862,0.0023164234422052843,4324.9,0.0010160736054307484,0.00018573584502412088,-0.41019611889596713
2025-08-12 15:34:00+09:00,4327.0,4328.0,4321.0,4324.0,71546.11786989,4324.0,-0.000693321007626535,-0.0025374855824682463,0.0011576753878212998,4325.65,0.0010250481567620363,0.00017426626877872775,-0.8463868460051991
2025-08-12 15:35:00+09:00,4323.0,4327.0,4323.0,4326.0,80302.66960569,4326.0,0.00046253469010171244,-0.0013850415512465242,0.000693962526023606,4326.65,0.0010058244230324728,0.00023220386427244,0.22899705013609148
2025-08-12 15:36:00+09:00,4326.0,4330.0,4325.0,4330.0,44950.2304796,4330.0,0.000924641701340656,-0.0004616805170821747,0.0027790643816580918,4327.85,0.0010157904891532888,0.0002784359493394728,0.6361604670465338
2025-08-12 15:37:00+09:00,4330.0,4335.0,4329.0,4335.0,108997.7007425,4335.0,0.0011547344110853786,0.0016173752310535416,0.0025439407955596405,4329.0,0.001003327932879788,0.0002665024423043283,0.885285797068975
2025-08-12 15:38:00+09:00,4335.0,4337.0,4333.0,4334.0,59237.22616123,4334.0,-0.00023068050749708302,0.0016177490177953224,0.0013863216266174483,4329.85,0.0009862123896206085,0.00019699068038031008,-0.4336501877064395
2025-08-12 15:39:00+09:00,4335.0,4335.0,4333.0,4334.0,34579.55467404,4334.0,0.0,0.0023126734505087843,-0.00023068050749708302,4330.6,0.0009850686288056286,0.0001738264459582528,-0.1764612544498682
2025-08-12 15:40:00+09:00,4334.0,4335.0,4333.0,4335.0,25290.11516936,4335.0,0.00023073373327187063,0.0020804438280166426,-0.0013821700069108767,4331.2,0.0009692625150692955,0.0001390561171089988,0.09458491867532659
2025-08-12 15:41:00+09:00,4335.0,4338.0,4334.0,4337.0,27517.97141995,4337.0,0.00046136101499416604,0.0016166281755196632,-0.0006912442396312946,4332.15,0.0009217883313838951,0.00021995437836067055,0.2618894472997591
2025-08-12 15:42:00+09:00,4338.0,4339.0,4333.0,4336.0,72160.45843536,4336.0,-0.0002305741295826058,0.00023068050749719404,0.0011544677903485567,4332.75,0.0008840102191066274,0.00013894906234008798,-0.4180078283440326
2025-08-12 15:43:00+09:00,4336.0,4336.0,4332.0,4333.0,50631.76828766,4333.0,-0.0006918819188191927,-0.0002307337332717596,-0.00046136101499427706,4333.0,0.0008822690743680839,5.8101497388957093e-05,-0.8500620026212725
2025-08-12 15:44:00+09:00,4335.0,4335.0,4331.0,4332.0,43674.7224179,4332.0,-0.00023078698361411742,-0.00046146746654363024,-0.0006920415224913601,4332.85,0.0008036401548583304,-3.430661334442586e-05,-0.24448799513300587
2025-08-12 15:45:00+09:00,4332.0,4335.0,4332.0,4333.0,24521.66556644,4333.0,0.00023084025854114287,-0.00046136101499427706,0.00023084025854114287,4332.45,0.0007349503265030205,-9.196875266650472e-05,0.4392256177959816
2025-08-12 15:46:00+09:00,4333.0,4336.0,4333.0,4334.0,28489.77788012,4334.0,0.00023078698361422845,-0.0006917223887479285,0.00046168051708228575,4332.15,0.0007376089902877511,-6.891132009487211e-05,0.406310535331442
2025-08-12 15:47:00+09:00,4334.0,4334.0,4330.0,4331.0,58793.79269336,4331.0,-0.0006922011998153899,-0.0011531365313652842,0.0006931608133087241,4332.15,0.0005898716807239458,1.6525585905813322e-07,-1.1737577481677217
2025-08-12 15:48:00+09:00,4331.0,4335.0,4330.0,4334.0,54122.11156266,4334.0,0.000692680674209134,0.00023078698361422845,0.0016177490177953224,4332.1,0.000572862216824834,-1.1379422044427434e-05,1.2290217011621214
2025-08-12 15:49:00+09:00,4334.0,4335.0,4333.0,4335.0,20081.97256537,4335.0,0.00023073373327187063,0.0006925207756232066,0.0025439407955596405,4332.1,0.0005754210657739192,1.5726461916609757e-07,0.40070911957765754
2025-08-12 15:50:00+09:00,4335.0,4337.0,4334.0,4335.0,40942.4629803,4335.0,0.0,0.00046157396722823485,0.0020804438280166426,4332.25,0.0005519340848423143,3.47593407437341e-05,-0.06297734040771323
2025-08-12 15:51:00+09:00,4335.0,4335.0,4334.0,4334.0,17836.51261952,4334.0,-0.00023068050749708302,0.0,0.0009237875288683473,4332.35,0.0005550999375476147,2.3225315368879952e-05,-0.45740560517390394
2025-08-12 15:52:00+09:00,4335.0,4336.0,4335.0,4336.0,12113.97150253,4336.0,0.0004614674665435192,0.0011544677903485567,0.00023068050749719404,4332.75,0.000515788912340108,9.246674040427338e-05,0.7154103496818269
2025-08-12 15:53:00+09:00,4336.0,4336.0,4332.0,4335.0,51913.13474575,4335.0,-0.00023062730627310124,0.00023073373327187063,0.00023073373327187063,4333.15,0.0005157748478670348,9.248805531242855e-05,-0.626465914190581
2025-08-12 15:54:00+09:00,4335.0,4335.0,4332.0,4333.0,23964.43232084,4333.0,-0.00046136101499427706,-0.00046136101499427706,-0.0002307337332717596,4333.6,0.0004995267664461343,0.00010408605494404144,-1.1319655079970428
2025-08-12 15:55:00+09:00,4333.0,4333.0,4330.0,4330.0,40656.37787815,4330.0,-0.0006923609508423523,-0.0011534025374856371,-0.0011534025374856371,4333.8,0.0005221497077836576,4.6341272896838206e-05,-1.4147326192610974
2025-08-12 15:56:00+09:00,4331.0,4331.0,4329.0,4329.0,40856.89993793,4329.0,-0.00023094688221714232,-0.00115366866635902,-0.0018445930366612906,4333.75,0.0004822575125098779,-1.1438156281051715e-05,-0.45516911658601583
2025-08-12 15:57:00+09:00,4330.0,4330.0,4329.0,4329.0,26531.81505542,4329.0,0.0,-0.0016143911439114866,-0.0016143911439114866,4333.45,0.0003968544513523918,-6.917487683532064e-05,0.17430792725037614
2025-08-12 15:58:00+09:00,4330.0,4332.0,4329.0,4331.0,22574.0522843,4331.0,0.00046200046200040035,-0.0009227220299884431,-0.00046157396722823485,4333.3,0.00041195608358061796,-3.454082836044647e-05,1.2053257862950721
2025-08-12 15:59:00+09:00,4332.0,4332.0,4330.0,4331.0,17133.92689038,4331.0,0.0,-0.00046157396722823485,-0.00023084025854114287,4333.15,0.00041195608358061796,-3.454082836044647e-05,0.08384589944691759
2025-08-12 16:00:00+09:00,4330.0,4334.0,4330.0,4332.0,40495.22141532,4332.0,0.00023089355806971135,0.00046189376443428465,-0.00023078698361411742,4333.0,0.000411961501800943,-3.4532837120554436e-05,0.6442990280157732
2025-08-12 16:01:00+09:00,4333.0,4341.0,4332.0,4340.0,256853.42951311,4340.0,0.001846722068328699,0.002541002541002646,0.0013844023996307797,4333.15,0.0005813677767337522,3.4735215546172205e-05,3.11676519631455
2025-08-12 16:02:00+09:00,4341.0,4342.0,4341.0,4342.0,28081.87880099,4342.0,0.0004608294930874557,0.0030030030030030463,0.002539829138767047,4333.45,0.0005853045397564765,6.930539667967527e-05,0.6689237308336597
2025-08-12 16:03:00+09:00,4342.0,4342.0,4336.0,4337.0,139412.67949467,4337.0,-0.001151543067710703,0.0013853613484184901,0.0006922011998153899,4333.65,0.0006244807150563803,4.632233923509976e-05,-1.918178380957137
2025-08-12 16:04:00+09:00,4337.0,4340.0,4336.0,4339.0,33047.10523299,4339.0,0.0004611482591652116,0.0018471484645579128,0.0009227220299885541,4334.0,0.000627480314394305,8.091910137406622e-05,0.605961890865331
2025-08-12 16:05:00+09:00,4339.0,4342.0,4339.0,4342.0,41579.36650394,4342.0,0.0006914035492049386,0.0023084025854109846,0.0016147635524799142,4334.45,0.0006415650409878396,0.000103947265907256,0.9156613059732122
2025-08-12 16:06:00+09:00,4342.0,4345.0,4341.0,4345.0,121708.78455746,4345.0,0.0006909258406264662,0.0011520737327188613,0.002538071065989911,4335.0,0.0006544735722758053,0.0001269542087578679,0.8617179604479613
2025-08-12 16:07:00+09:00,4345.0,4354.0,4344.0,4352.0,313049.0409373,4352.0,0.001611047180667402,0.002303086135421406,0.0036900369003689537,4336.05,0.0007035491300731951,0.0002421166277820075,1.9457497626967077
2025-08-12 16:08:00+09:00,4354.0,4354.0,4351.0,4353.0,192964.82351762,4353.0,0.00022977941176471894,0.003689186073322581,0.0041522491349481605,4337.0,0.0006955148247743076,0.00021897156465978674,0.015539348292740292
2025-08-12 16:09:00+09:00,4353.0,4355.0,4353.0,4353.0,107790.71717736,4353.0,0.0,0.0032265498962895656,0.0046157396722825705,4337.9,0.000697220981841161,0.0002074348779961932,-0.297516688967703
2025-08-12 16:10:00+09:00,4352.0,4354.0,4346.0,4347.0,160202.65202325,4347.0,-0.001378359751895264,0.001151543067710703,0.00392609699769042,4338.5,0.0007817977411128032,0.00013851689040143,-1.940241781893085
2025-08-12 16:11:00+09:00,4349.0,4354.0,4347.0,4351.0,122978.48131134,4351.0,0.000920174833218379,0.001380897583429297,0.00508200508200507,4339.35,0.0007954279044495708,0.0001960596574372031,0.9103467099035923
2025-08-12 16:12:00+09:00,4352.0,4352.0,4350.0,4352.0,50671.23848813,4352.0,0.0002298322224776328,0.0,0.00531300531300527,4340.15,0.0007930428411160793,0.0001844778952339088,0.05719026122207362
2025-08-12 16:13:00+09:00,4352.0,4352.0,4348.0,4348.0,81135.2768784,4348.0,-0.0009191176470588758,-0.0011486331265794236,0.003925190487185315,4340.8,0.0008262576332714163,0.00015005337819462005,-1.29399231208347
2025-08-12 16:14:00+09:00,4348.0,4348.0,4344.0,4345.0,117507.43870684,4345.0,-0.000689972401103911,-0.0018378130025269446,0.003232509812976181,4341.4,0.0008366768364894213,0.00013862280888913837,-0.9903408028716543
2025-08-12 16:15:00+09:00,4344.0,4345.0,4344.0,4344.0,31133.68883197,4344.0,-0.00023014959723821615,-0.0006901311249137843,0.0027700831024930483,4342.1,0.0008187060251735635,0.00016173337656934516,-0.4786614019659659
2025-08-12 16:16:00+09:00,4345.0,4347.0,4341.0,4347.0,51221.55601535,4347.0,0.0006906077348065587,-0.0009193288899104202,0.001612903225806539,4343.0,0.0008213710845770636,0.00020781110742053023,0.5877935520881257
2025-08-12 16:17:00+09:00,4347.0,4351.0,4346.0,4350.0,40709.88814989,4350.0,0.0006901311249136732,-0.0004595588235294379,0.0018424689083371693,4344.05,0.0008266607465369411,0.00024231766366621387,0.5417137116083542
2025-08-12 16:18:00+09:00,4351.0,4351.0,4348.0,4350.0,43631.77687368,4350.0,0.0,0.0004599816007360147,0.0029974636845746527,4345.0,0.0008266539053166951,0.00021921764056619385,-0.2651867234356203
2025-08-12 16:19:00+09:00,4350.0,4351.0,4347.0,4351.0,28669.3190526,4351.0,0.00022988505747134624,0.001380897583429297,0.0027656141968195325,4346.0,0.0008250420074535636,0.00023071189343976117,-0.0010021743874192575
2025-08-12 16:20:00+09:00,4350.0,4351.0,4348.0,4350.0,28304.55844993,4350.0,-0.0002298322224776328,0.0013812154696133394,0.0018424689083371693,4346.9,0.0008314438742540835,0.00020767560441239396,-0.5262024779273645
2025-08-12 16:21:00+09:00,4350.0,4350.0,4346.0,4346.0,32387.38955777,4346.0,-0.0009195402298850519,-0.00023004370830459475,0.00023014959723810513,4347.2,0.0007724265005316062,6.936248950170643e-05,-1.280254779847878
2025-08-12 16:22:00+09:00,4346.0,4347.0,4344.0,4346.0,53008.36176686,4346.0,0.0,-0.0009195402298850519,-0.0013786764705882026,4347.4,0.000766988568662329,4.632101484733364e-05,-0.06039335752828766
2025-08-12 16:23:00+09:00,4345.0,4349.0,4345.0,4346.0,64809.14022297,4346.0,0.0,-0.0009195402298850519,-0.0016080863772111043,4347.85,0.000713705030070448,0.0001038981682328688,-0.14557578250865524
2025-08-12 16:24:00+09:00,4347.0,4349.0,4346.0,4347.0,21468.98755584,4347.0,0.00023009664058903923,-0.0009193288899104202,-0.001378359751895264,4348.25,0.0007094754071417786,9.234558730406017e-05,0.1941590249617369
2025-08-12 16:25:00+09:00,4348.0,4349.0,4347.0,4349.0,13625.31373129,4349.0,0.0004600874166091895,-0.00022988505747123522,0.0004600874166091895,4348.6,0.0007010308187190734,8.077978067427271e-05,0.5410712707723597
2025-08-12 16:26:00+09:00,4349.0,4349.0,4347.0,4348.0,18906.42934988,4348.0,-0.00022993791676251263,0.00046019328117807845,-0.0006894966674327874,4348.75,0.000688985055873621,3.473659280482377e-05,-0.38415130678231296
2025-08-12 16:27:00+09:00,4348.0,4349.0,4347.0,4348.0,23202.91878465,4348.0,0.0,0.00046019328117807845,-0.0009191176470588758,4348.55,0.0005806523394869437,-4.581576622854633e-05,0.07890395528075975
2025-08-12 16:28:00+09:00,4349.0,4349.0,4346.0,4347.0,65827.69158181,4347.0,-0.00022999080036800734,0.00023009664058903923,-0.00022999080036800734,4348.25,0.0005782634600954856,-6.880427683518264e-05,-0.2787423633964505
2025-08-12 16:29:00+09:00,4346.0,4347.0,4345.0,4345.0,32757.84481894,4345.0,-0.0004600874166091895,-0.0004600874166091895,0.0,4347.85,0.0005845001644124277,-9.180864766564212e-05,-0.6300747054772206
2025-08-12 16:30:00+09:00,4346.0,4347.0,4345.0,4347.0,44169.72071705,4347.0,0.0004602991944764323,-0.00045987583352491423,0.0006906077348065587,4347.85,0.000511537640291845,1.2429965294269428e-07,0.8995914641998746
2025-08-12 16:31:00+09:00,4347.0,4348.0,4345.0,4347.0,64551.40360693,4347.0,0.0,-0.00022999080036800734,0.0,4347.65,0.00046356259647848205,-4.588444200797626e-05,0.09898219217111955
2025-08-12 16:32:00+09:00,4348.0,4348.0,4340.0,4344.0,267949.46123645,4344.0,-0.0006901311249137843,-0.0009199632014719183,-0.0013793103448276334,4347.25,0.00048011143539568817,-9.18826093775471e-05,-1.2460617919737431
2025-08-12 16:33:00+09:00,4344.0,4345.0,4341.0,4342.0,24840.39308478,4342.0,-0.0004604051565377798,-0.0011502185415228627,-0.0018390804597701038,4346.95,0.0004484243185753919,-6.894698485149231e-05,-0.872963743201793
2025-08-12 16:34:00+09:00,4342.0,4344.0,4340.0,4341.0,40285.33833768,4341.0,-0.0002303086135421184,-0.0009205983889528646,-0.002298322224775884,4346.75,0.0004261457304484061,-4.596379547340268e-05,-0.4325863311471908
2025-08-12 16:35:00+09:00,4342.0,4343.0,4340.0,4341.0,85079.04954122,4341.0,0.0,-0.0013802622498274575,-0.002068965517241339,4346.6,0.00042401236992108674,-3.4456315611491874e-05,0.08126252452942485
2025-08-12 16:36:00+09:00,4341.0,4342.0,4339.0,4339.0,53333.32533356,4339.0,-0.0004607233356369589,-0.001840349666436647,-0.0016106764841233856,4346.2,0.0003977337671132714,-9.202286913366775e-05,-0.9270031789840167
2025-08-12 16:37:00+09:00,4340.0,4340.0,4336.0,4337.0,298719.40546714,4337.0,-0.0004609356994699221,-0.0016114180478821183,-0.002070869765301464,4345.55,0.000360097567539749,-0.0001495762103528475,-0.8646531306621655
2025-08-12 16:38:00+09:00,4338.0,4338.0,4334.0,4336.0,69941.73669785,4336.0,-0.0002305741295826058,-0.0013818516812529325,-0.0023009664058905033,4344.85,0.00035874520378728484,-0.00016110491683197782,-0.1936449937650434
2025-08-12 16:39:00+09:00,4336.0,4336.0,4334.0,4335.0,133526.7672,4335.0,-0.00023062730627310124,-0.0013821700069108767,-0.002760524499654915,4344.05,0.00034691276958617376,-0.00018413053501920018,-0.1340301520447525
2025-08-12 16:40:00+09:00,4335.0,4335.0,4333.0,4335.0,37052.52807843,4335.0,0.0,-0.0013821700069108767,-0.0032191308346746217,4343.3,0.0003491188299812832,-0.00017263892389531854,0.4944990331932941
2025-08-12 16:41:00+09:00,4335.0,4335.0,4329.0,4330.0,188663.6621232,4330.0,-0.0011534025374856371,-0.002074210647614705,-0.004139834406623688,4342.5,0.0003781601107168524,-0.0001843320392753478,-2.562593120605154
2025-08-12 16:42:00+09:00,4330.0,4335.0,4329.0,4334.0,92107.69492572,4334.0,0.0009237875288683473,-0.0006917223887479285,-0.0032198712051517697,4341.9,0.0004512192735761502,-0.00013814266283193044,2.353468155923221
2025-08-12 16:43:00+09:00,4334.0,4335.0,4334.0,4334.0,44606.19524785,4334.0,0.0,-0.00046125461254609146,-0.0029905682079595097,4341.3,0.0004512192735761502,-0.00013814266283193044,0.30615417142330187
2025-08-12 16:44:00+09:00,4334.0,4338.0,4331.0,4336.0,137281.60431018,4336.0,0.0004614674665435192,0.00023068050749719404,-0.0020713463751438344,4340.75,0.00046394381033390607,-0.00012657412153420643,1.267484499156277
2025-08-12 16:45:00+09:00,4337.0,4338.0,4336.0,4337.0,36954.86951037,4337.0,0.00023062730627310124,0.00046136101499416604,-0.0023004370830457255,4340.15,0.00045133846713354806,-0.00013804712705101085,0.8168469123971739
2025-08-12 16:46:00+09:00,4337.0,4337.0,4335.0,4336.0,38882.4889599,4336.0,-0.0002305741295826058,0.001385681293302632,-0.0025304807913503202,4339.55,0.00045134530689694766,-0.0001380789376920155,-0.20493221149568538
2025-08-12 16:47:00+09:00,4337.0,4339.0,4336.0,4337.0,37403.32331883,4337.0,0.00023062730627310124,0.0006922011998153899,-0.0016114180478821183,4339.0,0.00045795645556530854,-0.00012654757237836044,0.7799319658253523
2025-08-12 16:48:00+09:00,4338.0,4339.0,4335.0,4339.0,32758.69533146,4339.0,0.0004611482591652116,0.0011536686663591311,-0.0006909258406264662,4338.6,0.00047548094309595834,-9.19906194016995e-05,1.1633250219563067
2025-08-12 16:49:00+09:00,4339.0,4339.0,4337.0,4337.0,24733.48038725,4337.0,-0.0004609356994699221,0.00023062730627310124,-0.0009214466712739178,4338.2,0.00047551554303635105,-9.203303354473613e-05,-0.7757951792061295
2025-08-12 16:50:00+09:00,4338.0,4344.0,4337.0,4343.0,81069.61388377,4343.0,0.001383444777495857,0.001383444777495857,0.00046072333563684786,4338.0,0.0005677999830418352,-4.58757543937649e-05,2.5172958340583644
2025-08-12 16:51:00+09:00,4344.0,4344.0,4341.0,4343.0,77713.19618286,4343.0,0.0,0.0016143911439114866,0.0009218713989398442,4337.8,0.0005677999830418352,-4.58757543937649e-05,0.08079562480435086
2025-08-12 16:52:00+09:00,4343.0,4344.0,4342.0,4343.0,15204.17884118,4343.0,0.0,0.001383444777495857,0.001383444777495857,4337.75,0.0005471825033763238,-1.1369198148075688e-05,0.020777707762809336
2025-08-12 16:53:00+09:00,4344.0,4344.0,4340.0,4340.0,29482.93866144,4340.0,-0.0006907667510936966,0.00023046784973490553,0.0009225092250921829,4337.65,0.0005594197919005789,-2.2887277875871526e-05,-1.1938788775219484
2025-08-12 16:54:00+09:00,4341.0,4342.0,4337.0,4342.0,72368.2695804,4342.0,0.0004608294930874557,0.0011528706479133621,0.0016147635524799142,4337.7,0.0005672247432493483,1.1669627455607179e-05,0.7918552055025582
2025-08-12 16:55:00+09:00,4343.0,4343.0,4339.0,4339.0,20254.2055045,4339.0,-0.0006909258406264662,-0.0009210223347916324,0.0009227220299885541,4337.6,0.0005886098503849531,-2.2876664575716133e-05,-1.1349609178538949
2025-08-12 16:56:00+09:00,4340.0,4341.0,4338.0,4339.0,32361.72858323,4339.0,0.0,-0.0009210223347916324,0.002078521939953726,4337.6,0.0005795174897799582,1.5950220613181188e-07,-0.0002752327737207286
2025-08-12 16:57:00+09:00,4340.0,4342.0,4338.0,4339.0,69054.96535566,4339.0,0.0,-0.0009210223347916324,0.0011536686663591311,4337.7,0.0005692903270386828,2.3206287179627915e-05,-0.040763536771021
2025-08-12 16:58:00+09:00,4340.0,4342.0,4338.0,4340.0,60876.97279776,4340.0,0.00023046784973490553,0.0,0.0013844023996307797,4337.9,0.000567805698919445,4.625838614550348e-05,0.3244234144531472
2025-08-12 16:59:00+09:00,4341.0,4342.0,4340.0,4341.0,26819.74762726,4341.0,0.00023041474654372784,-0.0002303086135421184,0.0011531365313652842,4338.2,0.0005653263059819291,6.931048878634493e-05,0.28497569642997056
2025-08-12 17:00:00+09:00,4341.0,4342.0,4340.0,4340.0,57860.83644477,4340.0,-0.00023036166781842393,0.00023046784973490553,0.0006917223887479285,4338.45,0.0005691465885154464,5.779240539542374e-05,-0.5062914880425876
2025-08-12 17:01:00+09:00,4341.0,4342.0,4334.0,4334.0,50461.88365351,4334.0,-0.0013824884792627001,-0.0011523392486748607,-0.00046125461254609146,4338.65,0.0005964553525343917,4.633810830657059e-05,-2.395529827166543
2025-08-12 17:02:00+09:00,4334.0,4339.0,4334.0,4334.0,77497.78861892,4334.0,0.0,-0.0011523392486748607,-0.0006917223887479285,4338.65,0.0005595572182060884,1.4873186315322862e-07,-0.00026580277818603665
2025-08-12 17:03:00+09:00,4335.0,4337.0,4331.0,4331.0,59879.93356674,4331.0,-0.0006922011998153899,-0.0020737327188939947,-0.0018437427978796883,4338.5,0.0005805792302432481,-3.4461328127616266e-05,-1.1329028622195063
2025-08-12 17:04:00+09:00,4331.0,4331.0,4328.0,4329.0,95780.92990416,4329.0,-0.0004617871161394227,-0.0027643400138217533,-0.0018445930366612906,4338.15,0.0005757564643100186,-8.062405726176336e-05,-0.6620213276014916
2025-08-12 17:05:00+09:00,4329.0,4329.0,4323.0,4323.0,172208.09094333,4323.0,-0.001386001386001423,-0.0039170506912442615,-0.004605111673958051,4337.45,0.0006396904169144558,-0.00016145549187548958,-1.9142789414175154
2025-08-12 17:06:00+09:00,4324.0,4325.0,4320.0,4320.0,150721.93137466,4320.0,-0.000693962526023606,-0.0032302722658053007,-0.005295878425051859,4336.65,0.0006506241001972662,-0.00018462491169753958,-0.7828446781661448
2025-08-12 17:07:00+09:00,4321.0,4329.0,4320.0,4324.0,171001.27715761,4324.0,0.0009259259259259967,-0.00230733733271804,-0.004374856090260226,4336.0,0.0006912855844189975,-0.0001498599807148948,1.5562105313465397
2025-08-12 17:08:00+09:00,4326.0,4330.0,4325.0,4330.0,79628.75197001,4330.0,0.0013876040703053594,-0.00023089355806971135,-0.0023041474654378336,4335.55,0.0007618256481624028,-0.00010353719015788742,1.957326146815907
2025-08-12 17:09:00+09:00,4330.0,4331.0,4328.0,4329.0,101656.32034469,4329.0,-0.00023094688221714232,0.0,-0.0029940119760478723,4335.15,0.0007578724666401174,-9.203774929524843e-05,-0.18328826951283894
2025-08-12 17:10:00+09:00,4329.0,4331.0,4329.0,4330.0,36580.19534478,4330.0,0.00023100023100020017,0.0016192458940551546,-0.002074210647614705,4334.5,0.000679548660832377,-0.00014965997662003128,0.5601662243789312
2025-08-12 17:11:00+09:00,4331.0,4335.0,4330.0,4334.0,76611.84835086,4334.0,0.0009237875288683473,0.003240740740740655,-0.0011523392486748607,4334.05,0.0007204225198434866,-0.00010347060017661392,1.425910629873335
2025-08-12 17:12:00+09:00,4335.0,4337.0,4328.0,4328.0,132678.12438649,4328.0,-0.0013844023996307797,0.0009250693802034249,-0.002535146347084627,4333.3,0.0007744408898105967,-0.0001726907201581529,-1.5646277145425167
2025-08-12 17:13:00+09:00,4328.0,4333.0,4327.0,4328.0,208549.7754492,4328.0,0.0,-0.0004618937644341736,-0.0027649769585254003,4332.7,0.0007654711834164949,-0.00013815238260346806,0.18048018736232294
2025-08-12 17:14:00+09:00,4333.0,4333.0,4328.0,4333.0,28144.69724371,4333.0,0.001155268022181133,0.0009240009240010227,-0.0018428933425478355,4332.25,0.000808605730897079,-0.00010343045614878421,1.5566281937347868
2025-08-12 17:15:00+09:00,4333.0,4333.0,4330.0,4331.0,19818.74900881,4331.0,-0.00046157396722823485,0.0002309468822170313,-0.0020737327188939947,4331.85,0.0008014298789435687,-9.196286247887265e-05,-0.4611895743599893
2025-08-12 17:16:00+09:00,4332.0,4334.0,4330.0,4331.0,122107.3796629,4331.0,0.0,-0.0006922011998153899,-0.0006922011998153899,4331.45,0.0008014298789435687,-9.196286247887265e-05,0.11474848254983522
2025-08-12 17:17:00+09:00,4332.0,4332.0,4330.0,4331.0,43477.72124249,4331.0,0.0,0.0006931608133087241,-0.0006922011998153899,4331.05,0.0008014298789435687,-9.196286247887265e-05,0.11474848254983522
2025-08-12 17:18:00+09:00,4332.0,4332.0,4327.0,4329.0,84718.57531915,4329.0,-0.0004617871161394227,0.0002310536044363154,-0.0004617871161394227,4330.5,0.0008017203454524191,-0.00012657561077258905,-0.4181152533651498
2025-08-12 17:19:00+09:00,4329.0,4330.0,4327.0,4328.0,37788.53215497,4328.0,-0.00023100023100020017,-0.0011539349180705871,-0.00023100023100020017,4329.85,0.0007975347519553231,-0.00014964635964978545,-0.10200667889513115
2025-08-12 17:20:00+09:00,4328.0,4332.0,4328.0,4331.0,39338.8434447,4331.0,0.0006931608133087241,0.0,0.0018505667360628753,4329.4,0.0008190603156285266,-0.00010347023559342805,0.9726158546588077
2025-08-12 17:21:00+09:00,4331.0,4332.0,4327.0,4327.0,46826.59949461,4327.0,-0.0009235742322789564,-0.0009235742322789564,0.0016203703703703276,4329.05,0.0007871497214483822,-8.052452324424087e-05,-1.0710156988729862
2025-08-12 17:22:00+09:00,4328.0,4329.0,4325.0,4327.0,51378.6772955,4327.0,0.0,-0.0009235742322789564,0.0006938020351525687,4328.7,0.0007871497214483822,-8.052452324424087e-05,0.10229886519691961
2025-08-12 17:23:00+09:00,4329.0,4329.0,4325.0,4326.0,22014.69343061,4326.0,-0.00023110700254214134,-0.0006930006930007115,-0.0009237875288683473,4328.45,0.0007749494152938551,-5.746981338057844e-05,-0.22406261071339859
2025-08-12 17:24:00+09:00,4327.0,4331.0,4327.0,4330.0,28203.8266759,4330.0,0.000924641701340656,0.00046210720887240875,0.00023100023100020017,4328.5,0.0007985297882510926,1.1851627493425498e-05,1.1430883196560346
2025-08-12 17:25:00+09:00,4330.0,4331.0,4327.0,4328.0,29966.91198705,4328.0,-0.0004618937644341736,-0.0006926806742092451,-0.0004618937644341736,4328.75,0.000737816463270487,5.805700857178797e-05,-0.704715601900774
2025-08-12 17:26:00+09:00,4327.0,4330.0,4325.0,4327.0,47257.23567518,4327.0,-0.00023105360443620437,0.0,-0.0016151361329026503,4329.1,0.000720030221172876,8.120245465115806e-05,-0.4336707681223718
2025-08-12 17:27:00+09:00,4326.0,4329.0,4326.0,4327.0,36695.69798261,4327.0,0.0,0.0,-0.00023105360443620437,4329.25,0.0006920828982649945,3.490615835485822e-05,-0.05043638333264067
2025-08-12 17:28:00+09:00,4327.0,4328.0,4325.0,4326.0,58905.99636097,4326.0,-0.00023110700254214134,0.0,-0.00046210720887240875,4329.05,0.000616038110033267,-4.602939528751682e-05,-0.3004320743153862
2025-08-12 17:29:00+09:00,4325.0,4327.0,4325.0,4326.0,89188.94792875,4326.0,0.0,-0.0009237875288683473,-0.001615508885298822,4328.9,0.0006145521909399047,-3.44820511766597e-05,0.056109231542926186
2025-08-12 17:30:00+09:00,4325.0,4326.0,4324.0,4325.0,53083.12177818,4325.0,-0.00023116042533521952,-0.0006931608133087241,-0.001385361348418379,4328.65,0.0006127305336077836,-5.759008399343068e-05,-0.28327353024142476
2025-08-12 17:31:00+09:00,4325.0,4326.0,4323.0,4324.0,65206.04784899,4324.0,-0.00023121387283242534,-0.000693321007626535,-0.0016162549064880904,4328.15,0.000568177011827638,-0.00011534015407846932,-0.20393947016833447
2025-08-12 17:32:00+09:00,4324.0,4324.0,4322.0,4324.0,112330.6411225,4324.0,0.0,-0.000693321007626535,-0.0016162549064880904,4327.95,0.00048344341020105554,-4.612003409693033e-05,0.0953990335244198
2025-08-12 17:33:00+09:00,4324.0,4327.0,4323.0,4326.0,44316.7575764,4326.0,0.00046253469010171244,0.0,-0.0006930006930007115,4327.85,0.0004966487025102306,-2.299329959184471e-05,0.977608493165359
2025-08-12 17:34:00+09:00,4327.0,4328.0,4326.0,4327.0,15917.20139683,4327.0,0.0002311604253351085,0.0002311604253351085,-0.00023105360443620437,4327.55,0.0004180238202339941,-6.919867943414593e-05,0.7185215057867387
2025-08-12 17:35:00+09:00,4326.0,4327.0,4322.0,4326.0,99418.19519975,4326.0,-0.00023110700254214134,0.00023121387283242534,-0.0011544677903486678,4327.3,0.0004097325545502371,-5.7675331199841254e-05,-0.4232801846381863
2025-08-12 17:36:00+09:00,4324.0,4327.0,4323.0,4327.0,39660.69285291,4327.0,0.0002311604253351085,0.0006938020351525687,0.0,4327.1,0.00041467567873923423,-4.611730993308583e-05,0.6686616782330232
2025-08-12 17:37:00+09:00,4327.0,4329.0,4325.0,4328.0,22584.21311067,4328.0,0.00023110700254225236,0.0009250693802034249,0.00023110700254225236,4326.95,0.0004192234954142696,-3.456195980597321e-05,0.6337167769800115
2025-08-12 17:38:00+09:00,4328.0,4329.0,4325.0,4326.0,30948.55114657,4326.0,-0.00046210720887240875,0.0,0.0,4326.8,0.0004192406697145872,-3.457796444262251e-05,-1.019770445269162
2025-08-12 17:39:00+09:00,4326.0,4329.0,4325.0,4329.0,20448.74906169,4329.0,0.0006934812760055475,0.0004622140050842827,-0.00023094688221714232,4326.85,0.00044652148481783433,1.1646110907664874e-05,1.5269929628941556
2025-08-12 17:40:00+09:00,4328.0,4334.0,4327.0,4333.0,47834.22130977,4333.0,0.0009240009240010227,0.0016181229773462036,0.001155268022181133,4326.95,0.0004675530901025902,2.3188116442279805e-05,1.9266535215521454
2025-08-12 17:41:00+09:00,4333.0,4343.0,4332.0,4343.0,61386.04522956,4343.0,0.0023078698361411742,0.0036977120406749275,0.0036977120406749275,4327.75,0.0006470504749785306,0.00018476031986328634,3.281211587625113
2025-08-12 17:42:00+09:00,4343.0,4346.0,4340.0,4343.0,197178.52675368,4343.0,0.0,0.0034658040665433987,0.0036977120406749275,4328.55,0.0006470504749785306,0.00018476031986328634,-0.2855423603072338
2025-08-12 17:43:00+09:00,4342.0,4343.0,4342.0,4343.0,91715.07300402,4343.0,0.0,0.003929727230698177,0.003929727230698177,4329.4,0.0006412706239568039,0.0001963156699903934,-0.3061354483682341
2025-08-12 17:44:00+09:00,4343.0,4344.0,4341.0,4343.0,83403.63882349,4343.0,0.0,0.0032340032340032465,0.003929727230698177,4330.05,0.00061894074073956,0.0001500835849233606,-0.2424845789663623
2025-08-12 17:45:00+09:00,4342.0,4349.0,4341.0,4349.0,147767.80715714,4349.0,0.0013815335021873931,0.003692591737825879,0.005549132947976876,4331.1,0.0006589747454882269,0.00024225494825443893,1.728865274023325
2025-08-12 17:46:00+09:00,4349.0,4350.0,4341.0,4342.0,151114.29239704,4342.0,-0.0016095654173373664,-0.00023025558369793586,0.004162812210915856,4331.85,0.0007732674871876739,0.00017332935760938084,-2.305663699156711
2025-08-12 17:47:00+09:00,4342.0,4344.0,4339.0,4341.0,102974.77197285,4341.0,-0.0002303086135421184,-0.0004605111673957607,0.003931544865865,4332.55,0.0007776867848325869,0.00016181392693227493,-0.5042165408002989
2025-08-12 17:48:00+09:00,4340.0,4346.0,4339.0,4344.0,55132.12453718,4344.0,0.0006910850034553828,0.00023025558369793586,0.004160887656033285,4333.45,0.0007804977184494212,0.00020792352723215113,0.619042778476158
2025-08-12 17:49:00+09:00,4344.0,4346.0,4341.0,4343.0,62681.17340896,4343.0,-0.0002302025782688899,0.0,0.0036977120406749275,4334.3,0.0007854073603243986,0.00019641339831870662,-0.5431779712522561
2025-08-12 17:50:00+09:00,4342.0,4343.0,4342.0,4342.0,6445.1553458,4342.0,-0.00023025558369793586,-0.0016095654173373664,0.003698566805362846,4335.15,0.0007853814599820507,0.0001964586404005708,-0.5433209794744314
